URL,Last crawled
https://www.curify-ai.com/_next/static/css/dd6d6363dd46ff86.css?dpl=dpl_GSvcBZd6gKEQGpHNRCiw1TyRfe8U,2026-09-15
https://www.curify-ai.com/topics/canada,2026-09-15
https://www.curify-ai.com/topics/prehistoric,2026-09-15
https://www.curify-ai.com/zh/topics/seasons,2026-09-15
https://www.curify-ai.com/topics/crime,2026-09-15
https://www.curify-ai.com/tr/blog/infografia-sobre-la-historia-del-vestuario-chino,2026-09-15
https://www.curify-ai.com/topics/founder,2026-09-15
https://www.curify-ai.com/nano-template/mbti-yellowstone/example/template-mbti-yellowstone-beth-dutton,2026-09-15
https://www.curify-ai.com/_next/static/css/b854af3145b7ce3e.css?dpl=dpl_2ZSTNqtKX19d15T5VsRdr8TPXobe,2026-09-14
https://www.curify-ai.com/en/nano-template/food-product-packaging-design/example/template-food-product-packaging-design-italian-pasta-sauce:1,2026-09-14
https://www.curify-ai.com/tr/nano-template/3d-region-landmark-map/example/template-3d-region-landmark-map-france:0,2026-09-14
https://www.curify-ai.com/ja/nano-template/weird-cold-knowledge-popular-science-card/example/template-weird-cold-knowledge-popular-science-card-rainbow:1,2026-09-14
https://www.curify-ai.com/topics/logo-application,2026-09-14
https://www.curify-ai.com/topics/turkey,2026-09-14
https://www.curify-ai.com/topics/literature,2026-09-14
https://www.curify-ai.com/en/nano-template/personality-choice-quiz-card/example/template-personality-choice-quiz-card-male-body-types:0,2026-09-14
https://www.curify-ai.com/nano-template/world-travel-map-illustration/example/template-world-travel-map-illustration-egypt:1,2026-09-13
https://www.curify-ai.com/_next/static/css/78099b79b9e0fe00.css?dpl=dpl_2mQwErV8HH1dMEkKVCgupkXDoNF8,2026-09-13
https://www.curify-ai.com/en/nano-template/detective-conan/example/template-detective-conan-conan-edogawa:0,2026-09-13
https://www.curify-ai.com/ko/topics/wellness,2026-09-13
https://www.curify-ai.com/topics/morocco,2026-09-13
https://www.curify-ai.com/topics/promotion,2026-09-12
https://www.curify-ai.com/topics/morocco-world-cup,2026-09-12
https://www.curify-ai.com/i/d28db709-f400-4087-97d3-9543f0728479,2026-09-12
https://www.curify-ai.com/nano-banana-pro-,2026-09-12
https://www.curify-ai.com/_next/static/css/d769d7cd111e5e14.css?dpl=dpl_FGRuviRhQQfNeo79q2wSz58H73My,2026-09-12
https://www.curify-ai.com/topics/collectible,2026-09-11
https://www.curify-ai.com/topics/miniature,2026-09-11
https://www.curify-ai.com/topics/sunset,2026-09-11
https://www.curify-ai.com/tr/topics/seasons,2026-09-10
https://www.curify-ai.com/contacto,2026-09-10
https://www.curify-ai.com/_next/static/css/33d94d36025ff755.css?dpl=dpl_7UqP1e72RS7XwEaVgEyQRnLjMiBA,2026-09-10
https://www.curify-ai.com/ja/nano-template/weird-cold-knowledge-popular-science-card/example/template-weird-cold-knowledge-popular-science-card-desert-snow:0,2026-09-10
https://www.curify-ai.com/topics/seasons,2026-09-10
https://www.curify-ai.com/hi/topics/calendar,2026-09-10
https://www.curify-ai.com/_next/static/css/be319e9c9370e7c1.css?dpl=dpl_2AfFXmqwJGEGhWz7Yr6SVsASABk1,2026-09-10
https://www.curify-ai.com/topics/snowy,2026-09-10
https://www.curify-ai.com/topics/luxury-packaging,2026-09-10
https://www.curify-ai.com/topics/morning,2026-09-10
https://www.curify-ai.com/topics/celebrity,2026-09-10
https://www.curify-ai.com/_next/static/css/33d94d36025ff755.css?dpl=dpl_BEcVuRf663mnXUfjALk3zu4tAcf5,2026-09-10
https://www.curify-ai.com/_next/static/css/eadd409337807e13.css?dpl=dpl_84agCQkyfzVxGW8fdyWWijqNjHsa,2026-09-10
https://www.curify-ai.com/topics/argentina,2026-09-09
https://www.curify-ai.com/topics/adventure,2026-09-09
https://www.curify-ai.com/ru/nano-template/cultural-relic,2026-09-09
https://www.curify-ai.com/topics/messi,2026-09-09
https://www.curify-ai.com/hi/nano-template/3d-region-landmark-map/example/template-3d-region-landmark-map-france:1,2026-09-09
https://www.curify-ai.com/_next/static/css/ef7641e8bf86631c.css?dpl=dpl_Dxvz26B8ffsPJUSfg1Bf6CXgkJxm,2026-09-09
https://www.curify-ai.com/topics/grammar-correction,2026-09-09
https://www.curify-ai.com/_next/static/css/20a226f76b04df90.css?dpl=dpl_6HfjhRaHt2T3yvejMdwqHbp379Vn,2026-09-09
https://www.curify-ai.com/topics/somber,2026-09-08
https://www.curify-ai.com/topics/intimate,2026-09-08
https://www.curify-ai.com/topics/kids-vocabulary,2026-09-08
https://www.curify-ai.com/topics/ultra-realistic,2026-09-08
https://www.curify-ai.com/topics/herbal,2026-09-08
https://www.curify-ai.com/topics/superhero,2026-09-08
https://www.curify-ai.com/en/nano-template/cultural-relic,2026-09-08
https://www.curify-ai.com/topics/humor,2026-09-08
https://www.curify-ai.com/topics/abstract,2026-09-08
https://www.curify-ai.com/topics/festival,2026-09-08
https://www.curify-ai.com/topics/workplace-dynamics,2026-09-08
https://www.curify-ai.com/topics/villain,2026-09-07
https://www.curify-ai.com/topics/autumn,2026-09-07
https://www.curify-ai.com/ko/nano-template/sports-trophy-infographic/example/template-sports-trophy-infographic-fifa-world-cup-trophy:0,2026-09-07
https://www.curify-ai.com/_next/static/css/b4cf30e00f5d1042.css?dpl=dpl_AEKi7unqXBYUxN4fscqfjuqKjHdg,2026-09-06
https://www.curify-ai.com/topics/eerie,2026-09-06
https://www.curify-ai.com/topics/romantic,2026-09-06
https://www.curify-ai.com/topics/iconic,2026-09-06
https://www.curify-ai.com/topics/tranquil,2026-09-06
https://www.curify-ai.com/fr/topics/serene,2026-09-05
https://www.curify-ai.com/de/blog/चाइनीज-हर्बल-मेडिसिन-विशुअल-गाइड,2026-09-04
https://www.curify-ai.com/ru/topics/pastel,2026-09-04
https://www.curify-ai.com/fr/nano-template/celebrity-filmography-infographic/example/template-celebrity-filmography-infographic-brad-pitt:0,2026-09-04
"https://www.curify-ai.com/en/nano-template/mbti-animal/example/template-mbti-animal-amusement-park 
4",2026-09-03
https://www.curify-ai.com/topics/poetry,2026-09-03
https://www.curify-ai.com/ko/nano-template/mbti-siliconvalley/example/template-mbti-generic-ai-founders-demis:0,2026-09-02
https://www.curify-ai.com/topics/scientist,2026-09-02
https://www.curify-ai.com/fr/nano-template/travel/example/template-travel-seoul:1,2026-09-02
https://www.curify-ai.com/_next/static/css/ef7641e8bf86631c.css?dpl=dpl_52QeDMeX43NM92aahip8BUqNdYVe,2026-08-27
https://www.curify-ai.com/_next/static/css/a9c59e4ed59cf93b.css?dpl=dpl_Bb3Cm48Z8AQhC7ELuLw4fnkjHpNj,2026-08-14
https://www.curify-ai.com/_next/static/css/09c8b280d84ea608.css?dpl=dpl_5qqEwWHgLGuxdMSsgYQ3hV6n8YtS,2026-08-14
https://www.curify-ai.com/_next/static/css/5aa83e8b42be7ada.css?dpl=dpl_G6T4SqEHBcEVbUpjPZdzvmz3bfDJ,2026-08-13
https://cdn.curify-ai.com/upload/24716182209.m3u8,2026-08-09
https://www.curify-ai.com/_next/static/css/59ecd4554397a36d.css?dpl=dpl_5w1sjrFLp57RCGJJv3YKdKoj85AX,2026-07-29
https://www.curify-ai.com/_next/static/css/080c58f406bce028.css?dpl=dpl_AmaPrE1ioEnYxuG9Megdusp9kLnq,2026-07-28
https://www.curify-ai.com/_next/static/css/94de6bc035a1cd6c.css?dpl=dpl_6aUyNz56bm8U5Fsk4bSAzFXQMDKa,2026-07-24
https://www.curify-ai.com/_next/static/css/a1b7fd3a90f64bed.css?dpl=dpl_F6jSKgmDoYC9DqkPap2Y4deJ15cg,2026-07-06
https://www.curify-ai.com/_next/static/css/09c8b280d84ea608.css?dpl=dpl_Boy63CQzDC2UraLX2Jgn6HPWaP6P,2026-06-23
https://www.curify-ai.com/_next/static/css/9490d0cff2052ea0.css?dpl=dpl_95RFM45MNK5EuQC2Z2ePb7kmWp8L,2026-06-17
https://www.curify-ai.com/$,2026-06-15
https://www.curify-ai.com/i/aabd35b4-a11d-4835-9a9d-e2d282ccca59,2026-06-11
https://www.curify-ai.com/i/c908bfbd-2a3f-4a69-9b1b-ff26b2e5c343,2026-06-10
https://www.curify-ai.com/nano-template,2026-06-09
"https://www.curify-ai.com/nano-template/battle/example/template-battle-hanxin-baiqi.jpg 
1",2026-06-06
https://www.curify-ai.com/i/85a8255f-dea5-405a-b1c7-56476e8e786c,2026-06-06
https://www.curify-ai.com/i/9a0b68ef-f615-47ba-8785-579650445f22,2026-06-06
"https://www.curify-ai.com/nano-template/battle/example/template-battle-hanxin-baiqi.jpg 
2",2026-06-03
https://www.curify-ai.com/ko/i/74d2cebf-6593-4df9-85d7-a8544e459d39,2026-06-02
https://www.curify-ai.com/es/nano-template/movie-poster/carousel/template-movie-poster-gone-with-the-wind,2026-06-01
https://www.curify-ai.com/hi/nano-template/varieties-food-poster/carousel/template-varieties-food-poster-pasta,2026-06-01
https://www.curify-ai.com/zh/nano-template/cuisine-food-vocab-poster/carousel/template-cuisine-food-vocab-poster-japan,2026-06-01
https://www.curify-ai.com/es/nano-template/character/carousel/template-character-hanxin,2026-06-01
"https://www.curify-ai.com/zh/nano-template/mbti-animal/carousel/template-mbti-animal-amusement-park 
7",2026-06-01
https://www.curify-ai.com/ko/nano-template/historical-figure-vs-infographic/carousel/template-historical-figure-vs-infographic-napoleon-bonaparte-vs-alexander-the-great,2026-06-01
https://www.curify-ai.com/es/nano-template/mbti-generic/carousel/template-mbti-generic-employee-en-enfj,2026-06-01
https://www.curify-ai.com/hi/nano-template/chinese-idiom-learning-card/carousel/template-chinese-idiom-learning-card-jing-di-zhi-wa,2026-06-01
https://www.curify-ai.com/es/nano-template/character/carousel/template-character-spirited-away-chihiro,2026-06-01
https://www.curify-ai.com/zh/nano-template/personality-choice-quiz-card/carousel/template-personality-choice-quiz-card-female-body-types,2026-06-01
"https://www.curify-ai.com/fr/nano-template/character/carousel/template-character-academic-dream-of-the-red-chamber 
2",2026-06-01
https://www.curify-ai.com/zh/nano-template/education-card/carousel/template-education-card-ocean-animals?media=image,2026-06-01
https://www.curify-ai.com/en/nano-template/chinese-idiom-learning-card/carousel/template-chinese-idiom-learning-card-dui-niu-tan-qin?media=image,2026-06-01
"https://www.curify-ai.com/zh/nano-template/mbti-animal/carousel/template-mbti-animal-amusement-park 
5",2026-05-31
https://www.curify-ai.com/ko/nano-template/poetry-ink-wash-illustration/carousel/template-poetry-ink-wash-illustration-quiet-night-thoughts?media=image,2026-05-31
https://www.curify-ai.com/zh/nano-template/artist-biography-infographic/carousel/template-artist-biography-infographic-vincent-van-gogh?media=image,2026-05-31
https://www.curify-ai.com/ko/nano-template/herbal/carousel/template-herbal-polygonatum,2026-05-31
https://www.curify-ai.com/de/nano-template/mbti-nba/carousel/template-mbti-nba-vinicius-jr,2026-05-31
https://www.curify-ai.com/fr/nano-template/mbti-stereotype-vs-reality-infographic/carousel/template-mbti-stereotype-vs-reality-infographic-estp,2026-05-31
https://www.curify-ai.com/nano-template/costume/carousel/template-costume-ming-dynasty-dragon-robe,2026-05-31
https://www.curify-ai.com/hi/nano-template/species-science/carousel/template-species-science-hawksbill,2026-05-31
https://www.curify-ai.com/ru/nano-template/chinese-classic-character-mbti/carousel/template-chinese-classic-character-mbti-cao-cao?media=image,2026-05-31
https://www.curify-ai.com/en/nano-template/series-infographic/carousel/template-series-infographic-microsoft-ai-dilemma-02-performance-vs-stock-en?media=image,2026-05-31
https://www.curify-ai.com/en/nano-template/word-scene/carousel/template-word-scene-shinchan-metro?media=image,2026-05-31
https://www.curify-ai.com/hi/nano-template/hot-event-analysis/carousel/template-hot-event-analysis-declining-fertility-rate,2026-05-31
https://www.curify-ai.com/zh/nano-template/herbal/carousel/template-herbal-albizia-julibrissin?media=image,2026-05-31
https://www.curify-ai.com/zh/nano-template/species-science/carousel/template-species-science-alsophila?media=image,2026-05-31
https://www.curify-ai.com/fr/nano-template/educational-topic-infographic/carousel/template-educational-topic-infographic-ocean-mysteries,2026-05-31
https://www.curify-ai.com/ja/nano-template/clothing-evolution-poster/carousel/template-clothing-evolution-poster-japanese?media=image,2026-05-31
https://www.curify-ai.com/ja/nano-template/east-asian-culture-comparison-infographic/carousel/template-east-asian-culture-comparison-infographic-festival-celebrations?media=image,2026-05-31
https://www.curify-ai.com/zh/nano-template/custom-character-card/carousel/template-custom-character-card-infj-silent-night-watchman-male?media=image,2026-05-30
https://www.curify-ai.com/fr/nano-template/emotion-vs-emotion-illustration/carousel/template-emotion-vs-emotion-illustration-confident-arrogant,2026-05-30
https://www.curify-ai.com/zh/nano-template/mbti-generic/carousel/template-mbti-generic-bigbangtheory-marycooper?media=image,2026-05-30
https://www.curify-ai.com/es/nano-template/character/carousel/template-character-weiqing?media=image,2026-05-30
https://www.curify-ai.com/fr/nano-template/character-analysis/carousel/template-character-analysis-sun-wukong?media=image,2026-05-30
https://www.curify-ai.com/zh/nano-template/english-dialogue-scene/carousel/template-english-dialogue-scene-english-korean-ordering-coffee,2026-05-30
https://www.curify-ai.com/fr/nano-template/word-scene/carousel/template-word-scene-astronaut-space?media=video,2026-05-30
"https://www.curify-ai.com/ru/nano-template/mbti-animal/carousel/template-mbti-animal-annual-meeting 
6",2026-05-30
https://www.curify-ai.com/zh/nano-template/travel/carousel/template-travel-italy-amalfi-coast-italy?media=image,2026-05-30
https://www.curify-ai.com/zh/nano-template/east-asian-culture-comparison-infographic/carousel/template-east-asian-culture-comparison-infographic-business-card-etiquette,2026-05-30
https://www.curify-ai.com/zh/nano-template/education-card/carousel/template-education-card-earthquake,2026-05-30
https://www.curify-ai.com/zh/nano-template/space-planet-fact-infographic/carousel/template-space-planet-fact-infographic-jupiter?media=image,2026-05-30
https://www.curify-ai.com/ja/nano-template/artist-biography-infographic/carousel/template-artist-biography-infographic-vincent-van-gogh?media=image,2026-05-30
https://www.curify-ai.com/en/nano-template/battle/carousel/template-battle-timduncan-kevingarnett?media=image,2026-05-30
https://www.curify-ai.com/es/nano-template/personal-journey-wolf-path-illustration/carousel/template-personal-journey-wolf-path-illustration-growth,2026-05-30
https://www.curify-ai.com/zh/nano-template/movie-poster/carousel/template-movie-poster-memento,2026-05-30
https://www.curify-ai.com/de/nano-template/lifestyle-info-card/carousel/template-lifestyle-info-card-wine-tasting-notes,2026-05-30
https://www.curify-ai.com/fr/nano-template/then-vs-now-comparison-infographic/carousel/template-then-vs-now-comparison-infographic-school-supplies,2026-05-29
https://www.curify-ai.com/ru/nano-template/pet-safe-human-food-infographic/carousel/template-pet-safe-human-food-infographic-parrot?media=image,2026-05-29
https://www.curify-ai.com/en/nano-template/9-traits-info-grid/carousel/template-9-traits-info-grid-natural-elegance?media=image,2026-05-29
https://www.curify-ai.com/zh/nano-template/what-if-history/carousel/template-what-if-history-zheng-he-america,2026-05-29
https://www.curify-ai.com/nano-template/weird-science-facts-infographic/carousel/template-weird-science-facts-infographic-plant-facts,2026-05-29
"https://www.curify-ai.com/hi/nano-template/mbti-animal/carousel/template-mbti-animal-annual-meeting 
6",2026-05-29
https://www.curify-ai.com/fr/nano-template/character/carousel/template-character-hanxin,2026-05-29
https://www.curify-ai.com/zh/nano-template/emotion-vs-emotion-illustration/carousel/template-emotion-vs-emotion-illustration-empathy-sympathy?media=image,2026-05-29
https://www.curify-ai.com/en/nano-template/celebrity-movie-group-poster/carousel/template-celebrity-movie-group-poster-nba-slam-dunk-contest?media=image,2026-05-29
https://www.curify-ai.com/ja/nano-template/character/carousel/template-character-sushi,2026-05-29
https://www.curify-ai.com/en/nano-template/friends-character-mbti/carousel/template-friends-character-mbti-ross-geller?media=image,2026-05-29
https://www.curify-ai.com/en/nano-template/chinese-character-learning-poster/carousel/template-chinese-character-learning-poster-ai?media=image,2026-05-29
https://www.curify-ai.com/nano-template/herbal/carousel/template-herbal-stephaniae-tetrandrae-radix,2026-05-29
https://www.curify-ai.com/hi/nano-template/series-infographic/carousel/template-series-infographic-microsoft-ai-dilemma-02-performance-vs-stock-en,2026-05-28
https://www.curify-ai.com/zh/nano-template/9-traits-info-grid/carousel/template-9-traits-info-grid-natural-elegance?media=image,2026-05-28
https://www.curify-ai.com/es/nano-template/lifestyle-watercolor-infographic/carousel/template-lifestyle-watercolor-infographic-healthy-habits,2026-05-28
https://www.curify-ai.com/zh/nano-template/costume/carousel/template-costume-ming-dynasty-male-wedding?media=image,2026-05-28
https://www.curify-ai.com/fr/nano-template/personal-journey-wolf-path-illustration/carousel/template-personal-journey-wolf-path-illustration-growth,2026-05-28
https://www.curify-ai.com/zh/nano-template/travel/carousel/template-travel-mumbai?media=image,2026-05-28
https://www.curify-ai.com/zh/nano-template/travel/carousel/template-travel-bangkok?media=image,2026-05-28
https://www.curify-ai.com/fr/nano-template/evolution/carousel/template-evolution-chinese-social-changes?media=image,2026-05-28
https://www.curify-ai.com/ko/nano-template/what-if-history/carousel/template-what-if-history-zheng-he-america,2026-05-28
https://www.curify-ai.com/es/nano-template/celebrity-movie-group-poster/carousel/template-celebrity-movie-group-poster-friends-tv-show,2026-05-28
https://www.curify-ai.com/zh/nano-template/chinese-character-learning-poster/carousel/template-chinese-character-learning-poster-huo,2026-05-28
https://www.curify-ai.com/es/nano-template/character/carousel/template-character-academic-journey-to-the-west-1,2026-05-28
https://www.curify-ai.com/zh/nano-template/vintage-ultimate-guide-infographic/carousel/template-vintage-ultimate-guide-infographic-indoor-plant-care,2026-05-28
https://www.curify-ai.com/zh/nano-template/space-planet-fact-infographic/carousel/template-space-planet-fact-infographic-mars?media=image,2026-05-28
"https://www.curify-ai.com/zh/nano-template/mbti-animal/carousel/template-mbti-animal-amusement-park 
7?media=image",2026-05-28
https://www.curify-ai.com/hi/nano-template/space-planet-fact-infographic/carousel/template-space-planet-fact-infographic-mars,2026-05-28
https://www.curify-ai.com/es/nano-template/education-card/carousel/template-education-plate-tectonics?media=image,2026-05-28
https://www.curify-ai.com/fr/nano-template/evolution/carousel/template-evolution-currency-forms?media=image,2026-05-28
https://www.curify-ai.com/ru/nano-template/solar-term/carousel/template-solar-term-dongzhi,2026-05-28
https://www.curify-ai.com/fr/nano-template/series-infographic/carousel/template-series-infographic-live-below-your-means-3,2026-05-28
https://www.curify-ai.com/hi/nano-template/celebrity-filmography-infographic/carousel/template-celebrity-filmography-infographic-tom-hanks?media=image,2026-05-28
https://www.curify-ai.com/ko/nano-template/celebrity-filmography-infographic/carousel/template-celebrity-filmography-infographic-johnny-depp?media=image,2026-05-28
https://www.curify-ai.com/zh/nano-template/word-scene/carousel/template-word-scene-student-space-station?media=image,2026-05-28
https://www.curify-ai.com/tr/nano-template/recipe/carousel/template-recipe-four-joy-meatballs,2026-05-27
https://www.curify-ai.com/de/nano-template/emotion-vs-emotion-illustration/carousel/template-emotion-vs-emotion-illustration-empathy-sympathy,2026-05-27
https://www.curify-ai.com/fr/nano-template/species/carousel/template-species-giant-panda,2026-05-27
https://www.curify-ai.com/en/nano-template/food/carousel/template-food-france-french-croissant?media=image,2026-05-27
https://www.curify-ai.com/zh/nano-template/education-card/carousel/template-education-card-avalanche?media=image,2026-05-27
https://www.curify-ai.com/ja/nano-template/species-science/carousel/template-species-science-ginkgo-tree,2026-05-27
https://www.curify-ai.com/zh/nano-template/character/carousel/template-character-sushi,2026-05-27
https://www.curify-ai.com/en/nano-template/mbti-nba/carousel/template-mbti-nba-lebronjames?media=image,2026-05-27
https://www.curify-ai.com/zh/nano-template/education-card/carousel/template-education-card-Scientific-Breakthroughs,2026-05-27
https://www.curify-ai.com/ko/nano-template/friends-character-mbti/carousel/template-friends-character-mbti-chandler-bing?media=image,2026-05-27
https://www.curify-ai.com/hi/nano-template/education-card/carousel/template-education-card-Scientific-Breakthroughs,2026-05-27
https://www.curify-ai.com/hi/nano-template/herbal/carousel/template-herbal-stephaniae-tetrandrae-radix,2026-05-27
https://www.curify-ai.com/zh/nano-template/herbal/carousel/template-herbal-schisandra-chinensis,2026-05-27
https://www.curify-ai.com/zh/nano-template/cuisine-food-vocab-poster/carousel/template-cuisine-food-vocab-poster-beijing?media=image,2026-05-27
https://www.curify-ai.com/zh/nano-template/travel/carousel/template-travel-xishuangbanna,2026-05-27
https://www.curify-ai.com/en/nano-template/figure-principles-infographic/carousel/template-figure-principles-infographic-steve-jobs?media=image,2026-05-27
https://www.curify-ai.com/en/nano-template/east-asian-culture-comparison-infographic/carousel/template-east-asian-culture-comparison-infographic-education-values?media=image,2026-05-27
https://www.curify-ai.com/tr/nano-template/mbti-breakingbad/carousel/template-mbti-breakingbad-jane-margolis?media=image,2026-05-27
https://www.curify-ai.com/en/nano-template/ielts-3-to-9-vocabulary-poster/carousel/template-ielts-3-to-9-vocabulary-poster-adverbs-conjunctions?media=image,2026-05-27
https://www.curify-ai.com/ko/nano-template/mbti-animal/carousel/template-mbti-animal-personality-enfp-infp-esfj-isfp,2026-05-27
https://www.curify-ai.com/en/nano-template/vocabulary/carousel/template-vocabulary-vehicles?media=image,2026-05-27
https://www.curify-ai.com/zh/nano-template/pop-culture-matching-chart/carousel/template-pop-culture-matching-chart-ghibli-chinese-zodiac-characters?media=image,2026-05-26
https://www.curify-ai.com/es/nano-template/world-travel-map-illustration/carousel/template-world-travel-map-illustration-russia,2026-05-26
"https://www.curify-ai.com/zh/nano-template/character/carousel/template-character-academic-dream-of-the-red-chamber 
3?media=image",2026-05-26
https://www.curify-ai.com/en/nano-template/dog-breed/carousel/template-dog-breed-bulldog?media=image,2026-05-26
https://www.curify-ai.com/ja/nano-template/theme-overview-poster/carousel/template-theme-overview-poster-china-ethnic-costumes?media=image,2026-05-26
https://www.curify-ai.com/zh/nano-template/solar-term/carousel/template-solar-term-guyu?media=image,2026-05-26
https://www.curify-ai.com/ru/nano-template/group-vocab-category/carousel/template-group-vocab-category-animals,2026-05-26
https://www.curify-ai.com/en/nano-template/education-card/carousel/template-education-card-ship-of-theseus?media=image,2026-05-26
https://www.curify-ai.com/nano-template/solar-term/carousel/template-solar-term-dongzhi,2026-05-26
https://www.curify-ai.com/ko/nano-template/solar-term/carousel/template-solar-term-dongzhi,2026-05-26
https://www.curify-ai.com/de/nano-template/personal-journey-wolf-path-illustration/carousel/template-personal-journey-wolf-path-illustration-growth,2026-05-26
https://www.curify-ai.com/zh/nano-template/education-card/carousel/template-education-card-typhoon,2026-05-26
https://www.curify-ai.com/hi/nano-template/word-scene/carousel/template-word-scene-student-space-station,2026-05-26
https://www.curify-ai.com/fr/nano-template/theme-overview-poster/carousel/template-theme-overview-poster-traditional-costumes-americas?media=image,2026-05-26
https://www.curify-ai.com/en/nano-template/mbti-naruto/carousel/template-mbti-naruto-itachi?media=image,2026-05-26
https://www.curify-ai.com/fr/nano-template/education/carousel/template-education-body-skeletal-system,2026-05-26
https://www.curify-ai.com/zh/nano-template/mbti-naruto/carousel/template-mbti-naruto-gaara?media=image,2026-05-26
https://www.curify-ai.com/zh/nano-template/character/carousel/template-character-direnjie?media=image,2026-05-26
https://www.curify-ai.com/es/nano-template/herbal/carousel/template-herbal-astragalus?media=image,2026-05-26
https://www.curify-ai.com/zh/nano-template/series-infographic/carousel/template-series-infographic-nvidia-strategy-04-complete-strategy,2026-05-26
https://www.curify-ai.com/fr/nano-template/solar-term/carousel/template-solar-term-qingming,2026-05-26
https://www.curify-ai.com/ko/nano-template/herbal/carousel/template-herbal-schisandra-chinensis?media=image,2026-05-26
https://www.curify-ai.com/fr/nano-template/mbti-stereotype-vs-reality-infographic/carousel/template-mbti-stereotype-vs-reality-infographic-entp,2026-05-26
https://www.curify-ai.com/ko/nano-template/education-card/carousel/template-education-card-Scientific-Breakthroughs,2026-05-26
https://www.curify-ai.com/ja/nano-template/mbti-siliconvalley/carousel/template-mbti-siliconvalley-gates,2026-05-26
https://www.curify-ai.com/nano-template/species-science/carousel/template-species-science-ginkgo-tree,2026-05-26
https://www.curify-ai.com/hi/nano-template/recipe/carousel/template-recipe-four-joy-meatballs,2026-05-26
https://www.curify-ai.com/tr/nano-template/what-if-history/carousel/template-what-if-history-zheng-he-america,2026-05-26
https://www.curify-ai.com/zh/nano-template/costume/carousel/template-costume-tang-dynasty-female-wedding?media=image,2026-05-25
https://www.curify-ai.com/ja/nano-template/education-card/carousel/template-education-card-Scientific-Breakthroughs,2026-05-25
https://www.curify-ai.com/ja/nano-template/emotion-vs-emotion-illustration/carousel/template-emotion-vs-emotion-illustration-empathy-sympathy,2026-05-25
https://www.curify-ai.com/ja/nano-template/hot-event-analysis/carousel/template-hot-event-analysis-declining-fertility-rate,2026-05-25
https://www.curify-ai.com/hi/nano-template/vintage-ultimate-guide-infographic/carousel/template-vintage-ultimate-guide-infographic-indoor-plant-care,2026-05-25
https://www.curify-ai.com/es/nano-template/word-scene/carousel/template-word-scene-student-dinosaur-jungle,2026-05-25
https://www.curify-ai.com/zh/nano-template/costume/carousel/template-costume-qing-dynasty-female-han-wedding?media=image,2026-05-25
https://www.curify-ai.com/zh/nano-template/personal-journey-wolf-path-illustration/carousel/template-personal-journey-wolf-path-illustration-growth,2026-05-25
https://www.curify-ai.com/ja/nano-template/education-card/carousel/template-education-card-Optics,2026-05-25
https://www.curify-ai.com/ja/nano-template/weird-science-facts-infographic/carousel/template-weird-science-facts-infographic-plant-facts?media=image,2026-05-25
https://www.curify-ai.com/ko/nano-template/word-scene/carousel/template-word-scene-student-space-station,2026-05-25
https://www.curify-ai.com/nano-template/watercolor-theme-collage-illustration/example/template-watercolor-theme-collage-illustration-music-lover.jp,2026-05-25
https://www.curify-ai.com/zh/nano-template/mbti-contrast/carousel/template-mbti-contrast-coffee-shop,2026-05-25
https://www.curify-ai.com/tr/nano-template/mbti-nba/carousel/template-mbti-nba-vinicius-jr?media=image,2026-05-25
https://www.curify-ai.com/hi/nano-template/solar-term/carousel/template-solar-term-chunfen,2026-05-25
https://www.curify-ai.com/es/nano-template/herbal/carousel/template-herbal-flos-caryophylli,2026-05-24
https://www.curify-ai.com/es/nano-template/what-if-history/carousel/template-what-if-history-zheng-he-america,2026-05-24
https://www.curify-ai.com/zh/nano-template/vintage-ultimate-guide-infographic/carousel/template-vintage-ultimate-guide-infographic-coffee-brewing?media=image,2026-05-24
https://www.curify-ai.com/de/nano-template/herbal/carousel/template-herbal-stephaniae-tetrandrae-radix,2026-05-24
https://www.curify-ai.com/tr/nano-template/english-top5-phrases/carousel/template-english-top5-phrases-thank-you,2026-05-24
https://www.curify-ai.com/de/nano-template/character/carousel/template-character-academic-journey-to-the-west-1,2026-05-24
https://www.curify-ai.com/ja/nano-template/educational-topic-infographic/carousel/template-educational-topic-infographic-scientific-breakthroughs?media=image,2026-05-24
"https://www.curify-ai.com/zh/nano-template/mbti-animal/carousel/template-mbti-animal-annual-meeting 
5",2026-05-24
https://www.curify-ai.com/ja/nano-template/character/carousel/template-character-hanxin,2026-05-24
"https://www.curify-ai.com/hi/nano-template/mbti-animal/carousel/template-mbti-animal-annual-meeting 
5",2026-05-24
https://www.curify-ai.com/hi/nano-template/what-if-history/carousel/template-what-if-history-zheng-he-america,2026-05-24
https://www.curify-ai.com/zh/nano-template/mbti-siliconvalley/carousel/template-mbti-siliconvalley-gates?media=image,2026-05-24
https://www.curify-ai.com/fr/nano-template/language-word-comparison-educational-poster/carousel/template-language-word-comparison-educational-poster-de-de-de,2026-05-24
https://www.curify-ai.com/fr/nano-template/what-if-history/carousel/template-what-if-history-zheng-he-america,2026-05-24
https://www.curify-ai.com/hi/nano-template/english-top5-phrases/carousel/template-english-top5-phrases-thank-you,2026-05-24
https://www.curify-ai.com/ko/nano-template/hot-event-analysis/carousel/template-hot-event-analysis-declining-fertility-rate,2026-05-24
https://www.curify-ai.com/zh/nano-template/costume/carousel/template-costume-qing-dynasty-male-wedding?media=image,2026-05-24
https://www.curify-ai.com/es/nano-template/celebrity-movie-group-poster/carousel/template-celebrity-movie-group-poster-anime-naruto-style-squad,2026-05-24
https://www.curify-ai.com/en/nano-template/mbti-contrast/carousel/template-mbti-contrast-road-trip?media=image,2026-05-24
https://www.curify-ai.com/ru/nano-template/zhenhuan-mbti-character-analysis/carousel/template-zhenhuan-mbti-character-analysis-infp-wenshichu?media=image,2026-05-24
https://www.curify-ai.com/nano-template/emotion-vs-emotion-illustration/carousel/template-emotion-vs-emotion-illustration-empathy-sympathy,2026-05-24
https://www.curify-ai.com/es/nano-template/character/carousel/template-character-sushi,2026-05-24
"https://www.curify-ai.com/de/nano-template/mbti-animal/carousel/template-mbti-animal-amusement-park 
6?media=image",2026-05-24
https://www.curify-ai.com/nano-template/mbti-contrast/carousel/template-mbti-contrast-coffee-shop,2026-05-23
https://www.curify-ai.com/nano-template/template-what-if-history/carousel/template-what-if-history-roman-han,2026-05-23
https://www.curify-ai.com/zh/nano-template/series-infographic/carousel/template-series-infographic-nvidia-strategy-04-complete-strategy?media=image,2026-05-23
https://www.curify-ai.com/es/nano-template/herbal/carousel/template-herbal-goji-berry?media=image,2026-05-23
https://www.curify-ai.com/zh/nano-template/friends-character-mbti/carousel/template-friends-character-mbti-chandler-bing?media=image,2026-05-23
https://www.curify-ai.com/en/nano-template/fashion-ecommerce/carousel/template-fashion-ecommerce-headphones-2?media=image,2026-05-23
https://www.curify-ai.com/hi/nano-template/group-vocab-category/carousel/template-group-vocab-category-animals,2026-05-23
https://www.curify-ai.com/en/nano-template/historical-figure-vs-infographic/carousel/template-historical-figure-vs-infographic-queen-cleopatra-vs-queen-himiko?media=image,2026-05-23
https://www.curify-ai.com/zh/nano-template/movie-poster/carousel/template-movie-poster-titanic,2026-05-23
https://www.curify-ai.com/zh/nano-template/character/carousel/template-character-liqingzhao?media=image,2026-05-23
https://www.curify-ai.com/ja/nano-template/herbal/carousel/template-herbal-ginseng?media=image,2026-05-23
https://www.curify-ai.com/ru/nano-template/mbti-contrast/carousel/template-mbti-contrast-coffee-shop,2026-05-23
https://www.curify-ai.com/fr/nano-template/historical-figure-vs-infographic/carousel/template-historical-figure-vs-infographic-genghis-khan-vs-attila-the-hun,2026-05-23
https://www.curify-ai.com/de/nano-template/travel/carousel/template-travel-xishuangbanna,2026-05-23
https://www.curify-ai.com/fr/nano-template/character/carousel/template-character-crayon-shinchan-shinnosuke-nohara?media=image,2026-05-23
https://www.curify-ai.com/en/nano-template/education/carousel/template-education-body-skeletal-system?media=image,2026-05-23
https://www.curify-ai.com/en/nano-template/education-card/carousel/template-education-card-octopus?media=image,2026-05-23
https://www.curify-ai.com/en/nano-template/harry-potter-mbti-infographic/carousel/template-harry-potter-mbti-infographic-enfj-harry-potter?media=image,2026-05-23
https://www.curify-ai.com/ko/nano-template/premium-recipe-card-infographic/carousel/template-premium-recipe-card-infographic-cheesy-bacon-burger-bites,2026-05-23
https://www.curify-ai.com/ru/nano-template/english-top5-phrases/carousel/template-english-top5-phrases-thank-you,2026-05-23
https://www.curify-ai.com/ko/nano-template/space-planet-fact-infographic/carousel/template-space-planet-fact-infographic-mars,2026-05-23
https://www.curify-ai.com/es/nano-template/vintage-ultimate-guide-infographic/carousel/template-vintage-ultimate-guide-infographic-coffee-brewing,2026-05-23
https://www.curify-ai.com/en/nano-template/fashion-ecommerce/carousel/template-fashion-ecommerce-hat?media=image,2026-05-23
"https://www.curify-ai.com/es/nano-template/mbti-animal/carousel/template-mbti-animal-plane 
1",2026-05-23
https://www.curify-ai.com/hi/nano-template/historical-figure-vs-infographic/carousel/template-historical-figure-vs-infographic-napoleon-bonaparte-vs-alexander-the-great,2026-05-23
https://www.curify-ai.com/ko/nano-template/herbal/carousel/template-herbal-stephaniae-tetrandrae-radix,2026-05-23
https://www.curify-ai.com/hi/nano-template/english-error-correction/carousel/template-english-error-correction-common-mistakes,2026-05-23
https://www.curify-ai.com/ja/nano-template/word-scene/carousel/template-word-scene-shinchan-hot-pot,2026-05-23
https://www.curify-ai.com/zh/nano-template/word-scene/carousel/template-word-scene-dental-clinic?media=image,2026-05-23
https://www.curify-ai.com/nano-template/mbti-yellowstone/carousel/template-mbti-yellowstone-ripwheeler,2026-05-23
https://www.curify-ai.com/ja/nano-template/clothing-evolution-poster/carousel/template-clothing-evolution-poster-indian?media=image,2026-05-22
https://www.curify-ai.com/zh/nano-template/emotion-vs-emotion-illustration/carousel/template-emotion-vs-emotion-illustration-empathy-sympathy,2026-05-22
https://www.curify-ai.com/de/nano-template/mbti-contrast/carousel/template-mbti-contrast-bar,2026-05-22
https://www.curify-ai.com/de/nano-template/historical-figure-vs-infographic/carousel/template-historical-figure-vs-infographic-genghis-khan-vs-attila-the-hun,2026-05-22
https://www.curify-ai.com/ko/nano-template/clothing-evolution-poster/carousel/template-clothing-evolution-poster-japanese,2026-05-22
https://www.curify-ai.com/de/nano-template/world-landmark-vintage-info-poster/carousel/template-world-landmark-vintage-info-poster-statue-of-liberty,2026-05-22
https://www.curify-ai.com/zh/nano-template/education-card/carousel/template-education-card-earthquake?media=image,2026-05-22
https://www.curify-ai.com/es/nano-template/character/carousel/template-character-crayon-shinchan-shinnosuke-nohara?media=image,2026-05-22
https://www.curify-ai.com/ko/nano-template/mbti-stereotype-vs-reality-infographic/carousel/template-mbti-stereotype-vs-reality-infographic-entp?media=image,2026-05-22
https://www.curify-ai.com/ko/nano-template/evolution/carousel/template-evolution-british-industrial-revolution,2026-05-22
https://www.curify-ai.com/es/nano-template/premium-recipe-card-infographic/carousel/template-premium-recipe-card-infographic-duck-and-egg-fried-rice,2026-05-22
https://www.curify-ai.com/ko/nano-template/warmup-routine/carousel/template-warmup-routine-swimming?media=image,2026-05-22
https://www.curify-ai.com/es/nano-template/artist-biography-infographic/carousel/template-artist-biography-infographic-pablo-picasso,2026-05-22
https://www.curify-ai.com/hi/nano-template/personality-choice-quiz-card/carousel/template-personality-choice-quiz-card-female-body-types,2026-05-22
https://www.curify-ai.com/ko/nano-template/mbti-nba/carousel/template-mbti-nba-kevendurant?media=image,2026-05-22
"https://www.curify-ai.com/ko/nano-template/mbti-animal/carousel/template-mbti-animal-amusement-park 
5",2026-05-22
https://www.curify-ai.com/zh/nano-template/science-education-infographic/carousel/template-science-education-infographic-earth-ages?media=image,2026-05-22
https://www.curify-ai.com/ru/nano-template/what-if-history/carousel/template-what-if-history-zheng-he-america,2026-05-22
https://www.curify-ai.com/tr/nano-template/varieties-food-poster/carousel/template-varieties-food-poster-pasta,2026-05-21
https://www.curify-ai.com/de/nano-template/weather/carousel/template-weather-foster-city?media=image,2026-05-21
https://www.curify-ai.com/zh/nano-template/theme-overview-poster/carousel/template-theme-overview-poster-traditional-costumes-oceania?media=image,2026-05-21
"https://www.curify-ai.com/zh/nano-template/mbti-animal/carousel/template-mbti-animal-annual-meeting 
5?media=image",2026-05-21
https://www.curify-ai.com/tr/nano-template/mbti-naruto/carousel/template-mbti-naruto-hinata?media=image,2026-05-21
https://www.curify-ai.com/hi/nano-template/mbti-yellowstone/carousel/template-mbti-yellowstone-ripwheeler,2026-05-21
https://www.curify-ai.com/fr/nano-template/vintage-ultimate-guide-infographic/carousel/template-vintage-ultimate-guide-infographic-coffee-brewing,2026-05-21
https://www.curify-ai.com/hi/nano-template/series-infographic/carousel/template-series-infographic-microsoft-ai-dilemma-01-cover,2026-05-21
https://www.curify-ai.com/zh/nano-template/template-word-scene/carousel/template-word-scene-rainy-day?media=image,2026-05-21
https://www.curify-ai.com/de/nano-template/artist-biography-infographic/carousel/template-artist-biography-infographic-frida-kahlo,2026-05-21
https://www.curify-ai.com/fr/nano-template/travel/carousel/template-travel-mexico-city-guanajuato-zh,2026-05-21
https://www.curify-ai.com/fr/nano-template/ielts-3-to-9-vocabulary-poster/carousel/template-ielts-3-to-9-vocabulary-poster-adverbs-conjunctions?media=image,2026-05-21
https://www.curify-ai.com/de/nano-template/vocabulary/carousel/template-vocabulary-english-japanese-fruits?media=image,2026-05-21
https://www.curify-ai.com/de/nano-template/weird-cold-knowledge-popular-science-card/carousel/template-weird-cold-knowledge-popular-science-card-earth-spin?media=image,2026-05-21
https://www.curify-ai.com/es/nano-template/then-vs-now-comparison-infographic/carousel/template-then-vs-now-comparison-infographic-school-supplies?media=image,2026-05-21
https://www.curify-ai.com/de/nano-template/character/carousel/template-character-weiqing?media=image,2026-05-21
https://www.curify-ai.com/ja/nano-template/personal-journey-wolf-path-illustration/carousel/template-personal-journey-wolf-path-illustration-dreams?media=image,2026-05-21
https://www.curify-ai.com/fr/nano-template/education-card/carousel/template-education-card-resource-environmental-carrying-capacity?media=image,2026-05-21
https://www.curify-ai.com/zh/nano-template/food/carousel/template-food-xiangyang-beef-noodles?media=image,2026-05-21
https://www.curify-ai.com/en/nano-template/mbti-generic/carousel/template-mbti-generic-UK?media=image,2026-05-21
"https://www.curify-ai.com/zh/nano-template/character/carousel/template-character-academic-dream-of-the-red-chamber 
2?media=image",2026-05-21
https://www.curify-ai.com/fr/nano-template/template-what-if-history/carousel/template-what-if-history-roman-han,2026-05-21
https://www.curify-ai.com/fr/nano-template/recipe/carousel/template-recipe-four-joy-meatballs,2026-05-20
https://www.curify-ai.com/de/nano-template/then-vs-now-comparison-infographic/carousel/template-then-vs-now-comparison-infographic-entertainment?media=image,2026-05-20
https://www.curify-ai.com/zh/nano-template/education-card/carousel/template-education-card-ocean-animals,2026-05-20
https://www.curify-ai.com/en/nano-template/fashion-ecommerce/carousel/template-fashion-ecommerce-shoes?media=image,2026-05-20
https://www.curify-ai.com/fr/nano-template/character/carousel/template-character-academic-journey-to-the-west-1,2026-05-20
https://www.curify-ai.com/zh/nano-template/historical-figure-vs-infographic/carousel/template-historical-figure-vs-infographic-genghis-khan-vs-attila-the-hun,2026-05-20
https://www.curify-ai.com/hi/nano-template/mbti-contrast/carousel/template-mbti-contrast-love-ENFJ-vs-ISTP-meeting-parents,2026-05-20
https://www.curify-ai.com/hi/nano-template/species-science/carousel/template-species-science-ginkgo-tree,2026-05-20
https://www.curify-ai.com/zh/nano-template/space-planet-fact-infographic/carousel/template-space-planet-fact-infographic-neptune?media=image,2026-05-20
https://www.curify-ai.com/zh/nano-template/clothing-evolution-poster/carousel/template-clothing-evolution-poster-egyptian-clothing,2026-05-20
"https://www.curify-ai.com/zh/nano-template/mbti-animal/carousel/template-mbti-animal-cafe 
1?media=image",2026-05-20
https://www.curify-ai.com/zh/nano-template/premium-recipe-card-infographic/carousel/template-premium-recipe-card-infographic-duck-and-egg-fried-rice?media=image,2026-05-20
"https://www.curify-ai.com/zh/nano-template/mbti-animal/carousel/template-mbti-animal-annual-meeting 
6?media=image",2026-05-20
https://www.curify-ai.com/zh/nano-template/education-card/carousel/template-education-card-Scientific-Breakthroughs?media=image,2026-05-20
https://www.curify-ai.com/zh/nano-template/herbal/carousel/template-herbal-stephaniae-tetrandrae-radix?media=image,2026-05-20
https://www.curify-ai.com/ko/nano-template/word-scene/carousel/template-word-scene-student-dinosaur-jungle?media=image,2026-05-20
https://www.curify-ai.com/zh/nano-template/country-top10-travel-destinations/carousel/template-country-top10-travel-destinations-italy,2026-05-20
https://www.curify-ai.com/zh/nano-template/poetry-ink-wash-illustration/carousel/template-poetry-ink-wash-illustration-quiet-night-thoughts?media=image,2026-05-20
https://www.curify-ai.com/de/nano-template/hot-event-analysis/carousel/template-hot-event-analysis-declining-fertility-rate,2026-05-20
https://www.curify-ai.com/zh/nano-template/9-traits-info-grid/carousel/template-9-traits-info-grid-quiet-achievers?media=image,2026-05-20
https://www.curify-ai.com/zh/nano-template/travel/carousel/template-travel-shanghai?media=image,2026-05-20
https://www.curify-ai.com/en/nano-template/ielts-3-to-9-vocabulary-poster/carousel/template-ielts-3-to-9-vocabulary-poster-verbs-1?media=image,2026-05-20
https://www.curify-ai.com/ru/nano-template/ethnic-costume-deconstruction-board/carousel/template-ethnic-costume-deconstruction-board-buyi,2026-05-20
https://www.curify-ai.com/zh/nano-template/9-traits-info-grid/carousel/template-9-traits-info-grid-social-butterflies?media=image,2026-05-20
https://www.curify-ai.com/ja/nano-template/artist-biography-infographic/carousel/template-artist-biography-infographic-pablo-picasso,2026-05-19
https://www.curify-ai.com/zh/nano-template/what-if-history/carousel/template-what-if-history-zheng-he-america?media=image,2026-05-19
https://www.curify-ai.com/zh/nano-template/clothing-evolution-poster/carousel/template-clothing-evolution-poster-japanese,2026-05-19
https://www.curify-ai.com/zh/nano-template/english-top5-phrases/carousel/template-english-top5-phrases-thank-you?media=video,2026-05-19
"https://www.curify-ai.com/nano-template/mbti-animal/carousel/template-mbti-animal-amusement-park 
5",2026-05-19
https://www.curify-ai.com/hi/nano-template/lifestyle-info-card/carousel/template-lifestyle-info-card-wine-tasting-notes,2026-05-19
https://www.curify-ai.com/zh/nano-template/herbal/carousel/template-herbal-schisandra-chinensis?media=image,2026-05-19
https://www.curify-ai.com/zh/nano-template/mbti-contrast/carousel/template-mbti-contrast-coffee-shop?media=image,2026-05-19
https://www.curify-ai.com/en/nano-template/travel/carousel/template-travel-hongkong?media=image,2026-05-19
https://www.curify-ai.com/zh/nano-template/architecture/carousel/template-architecture-giant-wild-goose-pagoda?media=image,2026-05-19
https://www.curify-ai.com/zh/nano-template/industrial-design-concept-sketch/carousel/template-industrial-design-concept-sketch-vtol-uav-drone?media=image,2026-05-19
https://www.curify-ai.com/zh/nano-template/personal-journey-wolf-path-illustration/carousel/template-personal-journey-wolf-path-illustration-growth?media=image,2026-05-19
"https://www.curify-ai.com/hi/nano-template/character/carousel/template-character-academic-dream-of-the-red-chamber 
2",2026-05-19
https://www.curify-ai.com/zh/nano-template/quote-poster-generator/carousel/template-quote-poster-generator-natural-ways,2026-05-18
https://www.curify-ai.com/hi/nano-template/group-vocab-category/carousel/template-group-vocab-category-sports,2026-05-18
"https://www.curify-ai.com/zh/nano-template/character/carousel/template-character-twelve-beauties-jinling 
2",2026-05-18
https://www.curify-ai.com/zh/nano-template/9-traits-info-grid/carousel/template-9-traits-info-grid-wealthy-women?media=image,2026-05-18
https://www.curify-ai.com/zh/nano-template/personality-choice-quiz-card/carousel/template-personality-choice-quiz-card-female-body-types?media=image,2026-05-18
https://www.curify-ai.com/hi/nano-template/emotion-vs-emotion-illustration/carousel/template-emotion-vs-emotion-illustration-empathy-sympathy,2026-05-18
https://www.curify-ai.com/zh/nano-template/country-top10-travel-destinations/carousel/template-country-top10-travel-destinations-thailand,2026-05-18
https://www.curify-ai.com/en/nano-template/poetry-ink-wash-illustration/carousel/template-poetry-ink-wash-illustration-quiet-night-thoughts?media=image,2026-05-18
https://www.curify-ai.com/ja/nano-template/theme-overview-poster/carousel/template-theme-overview-poster-traditional-costumes-africa?media=image,2026-05-18
https://www.curify-ai.com/zh/nano-template/template-dog-breed/carousel/template-dog-breed-husky?media=image,2026-05-18
https://www.curify-ai.com/zh/nano-template/character/carousel/template-character-academic-journey-to-the-west-2,2026-05-18
https://www.curify-ai.com/zh/nano-template/country-top10-travel-destinations/carousel/template-country-top10-travel-destinations-italy?media=image,2026-05-18
https://www.curify-ai.com/zh/nano-template/character/carousel/template-character-academic-journey-to-the-west-1?media=image,2026-05-18
https://www.curify-ai.com/zh/nano-template/educational-topic-infographic/carousel/template-educational-topic-infographic-ancient-civilizations?media=image,2026-05-18
https://www.curify-ai.com/fr/nano-template/evolution/carousel/template-evolution-british-industrial-revolution?media=image,2026-05-18
https://www.curify-ai.com/zh/nano-template/animation-studio-comparison-infographic/carousel/template-animation-studio-comparison-infographic-ghibli-vs-mappa,2026-05-18
https://www.curify-ai.com/zh/nano-template/character/carousel/template-character-sushi?media=image,2026-05-18
https://www.curify-ai.com/zh/nano-template/herbal/carousel/template-herbal-acanthopanax-cortex?media=image,2026-05-18
https://www.curify-ai.com/zh/nano-template/cuisine-food-vocab-poster/carousel/template-cuisine-food-vocab-poster-japan?media=image,2026-05-18
https://www.curify-ai.com/zh/nano-template/herbal/carousel/template-herbal-acanthopanax-cortex,2026-05-18
https://www.curify-ai.com/zh/nano-template/mbti-contrast/carousel/template-mbti-contrast-love-ENFJ-vs-ISTP-meeting-parents,2026-05-18
https://www.curify-ai.com/zh/nano-template/series-infographic/carousel/template-series-infographic-buffett-saving-method-1?media=image,2026-05-18
https://www.curify-ai.com/tr/nano-template/mbti-contrast/carousel/template-mbti-contrast-love-ENFJ-vs-ISTP-meeting-parents,2026-05-18
https://www.curify-ai.com/tr/nano-template/character/carousel/template-character-academic-journey-to-the-west-2,2026-05-18
https://www.curify-ai.com/zh/nano-template/mbti-yellowstone/carousel/template-mbti-yellowstone-ripwheeler,2026-05-18
https://www.curify-ai.com/zh/nano-template/species-science/carousel/template-species-science-ginkgo-tree?media=image,2026-05-18
"https://www.curify-ai.com/zh/nano-template/mbti-animal/carousel/template-mbti-animal-amusement-park 
5?media=image",2026-05-17
https://www.curify-ai.com/zh/nano-template/species-science/carousel/template-species-science-ginkgo-tree,2026-05-17
https://www.curify-ai.com/tr/nano-template/series-infographic/carousel/template-series-infographic-microsoft-ai-dilemma-02-performance-vs-stock?media=image,2026-05-17
https://www.curify-ai.com/zh/nano-template/artist-biography-infographic/carousel/template-artist-biography-infographic-leonardo-da-vinci,2026-05-17
https://www.curify-ai.com/zh/nano-template/herbal/carousel/template-herbal-polygonatum?media=image,2026-05-17
https://www.curify-ai.com/zh/nano-template/mbti-generic/carousel/template-mbti-generic-naruto-kakashihatake?media=image,2026-05-17
https://www.curify-ai.com/zh/nano-template/educational-topic-infographic/carousel/template-educational-topic-infographic-ancient-civilizations,2026-05-17
https://www.curify-ai.com/zh/nano-template/english-dialogue-scene/carousel/template-english-dialogue-scene-restaurant?media=video,2026-05-17
https://www.curify-ai.com/zh/nano-template/series-travel/carousel/template-series-travel-netherlands-04?media=image,2026-05-17
"https://www.curify-ai.com/hi/nano-template/mbti-animal/carousel/template-mbti-animal-amusement-park 
5",2026-05-17
https://www.curify-ai.com/zh/nano-template/historical-figure-vs-infographic/carousel/template-historical-figure-vs-infographic-napoleon-bonaparte-vs-alexander-the-great,2026-05-17
https://www.curify-ai.com/zh/nano-template/movie-poster/carousel/template-movie-poster-memento?media=image,2026-05-17
https://www.curify-ai.com/hi/nano-template/country-top10-travel-destinations/carousel/template-country-top10-travel-destinations-thailand,2026-05-17
https://www.curify-ai.com/zh/nano-template/hot-event-analysis/carousel/template-hot-event-analysis-declining-fertility-rate,2026-05-17
https://www.curify-ai.com/zh/nano-template/chinese-character-learning-poster/carousel/template-chinese-character-learning-poster-huo?media=image,2026-05-17
https://www.curify-ai.com/zh/nano-template/education-card/carousel/template-education-card-typhoon?media=image,2026-05-17
https://www.curify-ai.com/zh/nano-template/mbti-breakingbad/carousel/template-mbti-breakingbad-skylerwhite?media=image,2026-05-17
https://www.curify-ai.com/zh/nano-template/clothing-evolution-poster/carousel/template-clothing-evolution-poster-egyptian-clothing?media=image,2026-05-17
https://www.curify-ai.com/en/nano-template/mbti-generic/carousel/template-mbti-generic-spring-festival--ESTJ-vs-INTP-high-speed-rail?media=image,2026-05-17
https://www.curify-ai.com/zh/nano-template/education-card/carousel/template-education-card-trolley-problem?media=image,2026-05-17
https://www.curify-ai.com/fr/nano-template/series-infographic/carousel/template-series-infographic-microsoft-ai-dilemma-02-performance-vs-stock-en?media=image,2026-05-17
https://www.curify-ai.com/zh/nano-template/vintage-ultimate-guide-infographic/carousel/template-vintage-ultimate-guide-infographic-indoor-plant-care?media=image,2026-05-17
https://www.curify-ai.com/zh/nano-template/home-organization-before-after/carousel/template-home-organization-before-after-desk?media=image,2026-05-17
https://www.curify-ai.com/zh/nano-template/premium-recipe-card-infographic/carousel/template-premium-recipe-card-infographic-classic-margherita-pizza?media=image,2026-05-17
https://www.curify-ai.com/zh/nano-template/fashion-ecommerce/carousel/template-fashion-ecommerce-dress?media=image,2026-05-16
https://www.curify-ai.com/fr/nano-template/word-scene/carousel/template-word-scene-chef-kitchen?media=image,2026-05-16
https://www.curify-ai.com/de/nano-template/celebrity-filmography-infographic/carousel/template-celebrity-filmography-infographic-brad-pitt?media=image,2026-05-16
https://www.curify-ai.com/zh/nano-template/mbti-nba/carousel/template-mbti-nba-timduncan?media=image,2026-05-16
"https://www.curify-ai.com/zh/nano-template/mbti-animal/carousel/template-mbti-animal-spring-festival 
5?media=image",2026-05-16
https://www.curify-ai.com/de/nano-template/travel/carousel/template-travel-mexico-city-guanajuato-zh,2026-05-16
https://www.curify-ai.com/fr/nano-template/costume/carousel/template-costume-indian-sari?media=image,2026-05-16
https://www.curify-ai.com/zh/nano-template/watercolor-painting-tutorial-guide/carousel/template-watercolor-painting-tutorial-guide-lemon?media=image,2026-05-16
https://www.curify-ai.com/zh/nano-template/mbti-nba/carousel/template-mbti-nba-kylianmbappe?media=image,2026-05-16
https://www.curify-ai.com/en/nano-template/children-english-vocab-spelling/carousel/template-children-english-vocab-spelling-vegetables?media=image,2026-05-16
https://www.curify-ai.com/hi/nano-template/clothing-evolution-poster/carousel/template-clothing-evolution-poster-japanese,2026-05-16
https://www.curify-ai.com/de/nano-template/personality-choice-quiz-card/carousel/template-personality-choice-quiz-card-female-body-types,2026-05-16
https://www.curify-ai.com/zh/nano-template/species-science/carousel/template-species-science-egret?media=image,2026-05-16
https://www.curify-ai.com/ko/nano-template/mbti-animal/carousel/template-mbti-animal-office,2026-05-16
https://www.curify-ai.com/en/nano-template/personal-fashion-outfit-style-variations/carousel/template-personal-fashion-outfit-style-variations-women-3?media=image,2026-05-16
https://www.curify-ai.com/zh/nano-template/english-error-correction/carousel/template-english-error-correction-common-mistakes?media=video,2026-05-16
https://www.curify-ai.com/en/nano-template/movie-poster/carousel/template-movie-poster-the-truman-show?media=image,2026-05-16
https://www.curify-ai.com/zh/nano-template/mbti-yellowstone/carousel/template-mbti-yellowstone-walker?media=image,2026-05-16
https://www.curify-ai.com/zh/nano-template/herbal/carousel/template-herbal-goji-berry,2026-05-16
https://www.curify-ai.com/zh/nano-template/movie-poster/carousel/template-movie-poster-titanic?media=image,2026-05-16
https://www.curify-ai.com/hi/i/74d2cebf-6593-4df9-85d7-a8544e459d39,2026-05-15
https://www.curify-ai.com/i/b31bd57f-95d2-485b-9e7b-0d16d4d0d37f,2026-05-10
https://www.curify-ai.com/i/f1573f07-ab44-4982-b9bf-3d442c0013e3,2026-05-10
https://www.curify-ai.com/i/6a612773-30bc-438c-8617-6792e6b24798,2026-05-10
https://www.curify-ai.com/gallery,2026-05-10
https://www.curify-ai.com/i/4c167348-bf61-4ddf-84cb-05b202efcbc4,2026-05-10
https://www.curify-ai.com/i/85e5e555-d446-45a7-a9de-dc2849463043,2026-05-10
https://www.curify-ai.com/i/7102e330-3987-4ded-81a2-2f4d83ef48c4,2026-05-10
https://www.curify-ai.com/i/4bc2f16c-45de-4d0f-a564-e0f05952dcde,2026-05-10
https://www.curify-ai.com/i/5dd445bc-d1de-439b-941d-643ddac0bd9a,2026-05-10
https://www.curify-ai.com/i/78ca1402-c363-442d-a616-c2fb9da1205e,2026-05-09
https://www.curify-ai.com/hi/i/b2a68866-4016-47af-b8cb-c35b570033ed,2026-05-08
https://www.curify-ai.com/i/db7fc9fb-a412-42be-9012-32fbd56a23f1,2026-05-08
https://www.curify-ai.com/en/nano-template/mbti-generic/example/template-mbti-generic-breakingbad-howardhamlin,2026-05-06
https://cdn.curify-ai.com/images/G7JduAQa8AEofUY?format=jpg&name=large,2026-04-23
https://cdn.curify-ai.com/images/cc8c4e87-fe0f-4b8a-a610-a6d55ed0294c,2026-04-18
https://www.curify-ai.com/nano-template/mbti-generic/example/template-mbti-generic-en-marvel-blackwidow.jp,2026-04-17
"https://www.curify-ai.com/nano-template/battle/example/template-battle-zh-hanxin-baiqi.jpg 
2",2026-04-16
https://www.curify-ai.com/images/cc8c4e87-fe0f-4b8a-a610-a6d55ed0294c,2026-04-12
"https://www.curify-ai.com/nano-template/battle/example/template-battle-zh-hanxin-baiqi.jpg 
1",2026-04-12
https://www.curify-ai.com/de/i/74d2cebf-6593-4df9-85d7-a8544e459d39,2026-04-11
https://www.curify-ai.com/images/G7Q6stnXIAAe7Vz?format=jpg&name=small,2026-04-11
https://www.curify-ai.com/i/db898c8b-707a-4b61-9e09-a76bf058aa7f,2026-04-10
https://www.curify-ai.com/i/9793d27e-2805-4fb8-aad7-fd810a178eef,2026-04-10
https://www.curify-ai.com/de/i/cb3e074b-8a5f-4d7a-b1ac-44318b678e55,2026-04-10
https://www.curify-ai.com/images/c59d3272-7525-4be0-94e3-8d642baaa659,2026-04-10
https://www.curify-ai.com/es/i/74d2cebf-6593-4df9-85d7-a8544e459d39,2026-04-10
https://www.curify-ai.com/i/75d74b55-fb16-46c3-aaa0-b35d2ff43b2a,2026-04-10
https://www.curify-ai.com/i/f92ed01c-727a-49cb-ba9f-dcce8a31b656,2026-04-10
https://www.curify-ai.com/images/67690896-22f8-4abc-8e89-d4779233a7ad,2026-04-10
"https://www.curify-ai.com/9024e63ccb32bf7899fed2824e185cec_image_1766072095903.jpg54:T9bf,",2026-04-10
https://www.curify-ai.com/i/c04aa160-60bc-4abc-bf9c-d2d46a203640,2026-04-10
https://www.curify-ai.com/i/f0e700d2-02a9-4756-ab9e-37c8812e10f1,2026-04-10
https://www.curify-ai.com/tr/i/cb3e074b-8a5f-4d7a-b1ac-44318b678e55,2026-04-09
https://www.curify-ai.com/images/5982a68e-8c7d-4c7c-a07e-2a4a0a74770d,2026-04-09
https://www.curify-ai.com/images/G7MEwTWWEAA1DkO?format=jpg&name=medium,2026-04-09
https://www.curify-ai.com/es/i/b2a68866-4016-47af-b8cb-c35b570033ed,2026-04-09
https://www.curify-ai.com/i/54c04b7f-5c9f-498d-ac4d-a31084e5c478,2026-04-09
https://www.curify-ai.com/ru/i/93e7fa94-d850-4f01-b318-52b94f9cc3df,2026-04-09
https://www.curify-ai.com/fr/i/93e7fa94-d850-4f01-b318-52b94f9cc3df,2026-04-09
https://www.curify-ai.com/tr/i/74d2cebf-6593-4df9-85d7-a8544e459d39,2026-04-09
https://www.curify-ai.com/i/5b084acc-cad6-474b-aed5-7a086eeddd55,2026-04-09
https://www.curify-ai.com/i/e25764eb-481c-40eb-b050-a80af3a89bf4,2026-04-09
https://www.curify-ai.com/de/i/5f2e2ee7-45f4-4a07-9e1a-d08defbc6451,2026-04-08
https://www.curify-ai.com/images/b65a064a-8519-4907-9497-90f00f9dba17,2026-04-08
https://www.curify-ai.com/i/c0e4715a-9ab0-4a2d-8f0c-df5630b0f5e0,2026-04-08
https://www.curify-ai.com/zh/i/cb3e074b-8a5f-4d7a-b1ac-44318b678e55,2026-04-08
https://www.curify-ai.com/ko/i/b2a68866-4016-47af-b8cb-c35b570033ed,2026-04-08
https://www.curify-ai.com/ja/i/b2a68866-4016-47af-b8cb-c35b570033ed,2026-04-08
https://www.curify-ai.com/ru/i/5f2e2ee7-45f4-4a07-9e1a-d08defbc6451,2026-04-08
https://www.curify-ai.com/fr/i/b2a68866-4016-47af-b8cb-c35b570033ed,2026-04-08
https://www.curify-ai.com/images/761380fe-0850-49e2-8589-797f10b7cb8d,2026-04-08
https://www.curify-ai.com/i/d1fdb687-27b6-4bd7-8541-e575b5dc6d88,2026-04-08
https://www.curify-ai.com/images/b399c4d9-151b-4e15-9a40-f092f7a892b9,2026-04-08
https://www.curify-ai.com/i/e2358478-699c-4aaf-996d-c005ac2841b7,2026-04-08
https://www.curify-ai.com/i/0cf2b759-2ca7-4f2f-8973-7061e502d4cd,2026-04-08
https://www.curify-ai.com/zh/i/5f2e2ee7-45f4-4a07-9e1a-d08defbc6451,2026-04-08
https://www.curify-ai.com/de/i/93e7fa94-d850-4f01-b318-52b94f9cc3df,2026-04-08
https://www.curify-ai.com/i/7caa281c-8e0f-40b7-b524-df0009989019,2026-04-08
https://www.curify-ai.com/i/19f22aad-12a3-41d6-8f68-f5dab2552ec9,2026-04-08
https://www.curify-ai.com/i/beeb82f8-95a8-48a7-9ee4-97b6c91538a4,2026-04-08
https://www.curify-ai.com/i/54a4394f-672f-4576-b153-2bd3a7a04470,2026-04-08
https://www.curify-ai.com/i/1b3b4413-13a0-485d-9fc3-c416e9d7b919,2026-04-08
https://www.curify-ai.com/i/81a4a5ad-ebf4-4be6-8bc3-dea86cc79291,2026-04-08
https://www.curify-ai.com/images/G70ZJFCXcAAn3F2?format=jpg&name=medium,2026-04-08
https://www.curify-ai.com/i/1849c6aa-7c23-440d-a06c-85c3f0f8e53d,2026-04-08
https://www.curify-ai.com/i/b50b70d3-9b60-4c74-bb4d-ada1ef8a5bac,2026-04-08
https://www.curify-ai.com/i/89526aa9-8649-4de4-a8cf-46022609a568,2026-04-08
https://www.curify-ai.com/i/6639347e-a059-46d3-98fc-420d37c024b1,2026-04-08
https://www.curify-ai.com/i/56954de3-78f1-42a6-a2ad-3354b34960d1,2026-04-08
https://www.curify-ai.com/ko/i/93e7fa94-d850-4f01-b318-52b94f9cc3df,2026-04-08
https://www.curify-ai.com/i/3b0ca602-c653-4ed3-b1dd-8758438f637a,2026-04-08
https://www.curify-ai.com/es/i/5f2e2ee7-45f4-4a07-9e1a-d08defbc6451,2026-04-08
https://www.curify-ai.com/ru/i/74d2cebf-6593-4df9-85d7-a8544e459d39,2026-04-08
https://www.curify-ai.com/de/i/b2a68866-4016-47af-b8cb-c35b570033ed,2026-04-08
https://www.curify-ai.com/ko/i/5f2e2ee7-45f4-4a07-9e1a-d08defbc6451,2026-04-07
https://www.curify-ai.com/i/1d0ed303-8981-4aca-ae7c-6066a5aa2242,2026-04-07
https://www.curify-ai.com/ja/i/93e7fa94-d850-4f01-b318-52b94f9cc3df,2026-04-07
https://www.curify-ai.com/i/436b9df3-d16f-424a-8ab1-084ef3e8e780,2026-04-07
https://www.curify-ai.com/subtitle-generator,2026-04-07
https://www.curify-ai.com/i/68c7c6cb-317d-4e1b-aa87-67f47cd540a2,2026-04-07
https://www.curify-ai.com/i/806ecbc7-ed7b-4ddc-95cb-a34274e1773a,2026-04-06
https://cdn.curify-ai.com/images/G7gEwj8bIAAcFM2?format=jpg&name=small,2026-04-05
https://www.curify-ai.com/images/b71755dc-ff33-4872-8161-3f5066e0ccb6,2026-04-04
https://www.curify-ai.com/images/G7gEwj8bIAAcFM2?format=jpg&name=small,2026-04-03
https://www.curify-ai.com/i/239cdbb4-1110-403c-89b1-09337c8632e2,2026-04-01
https://www.curify-ai.com/images/e41db56f-d928-400c-b21b-f8a0d53ba91b,2026-04-01
https://www.curify-ai.com/i/13e3fb68-e4d2-4a09-a91d-742e8f029ee4,2026-04-01
https://www.curify-ai.com/i/e51ee4ba-2984-4cb0-82f1-baf22367fff4,2026-04-01
https://www.curify-ai.com/i/8768d9a1-7c1b-4240-899d-8b74170a8102,2026-04-01
https://www.curify-ai.com/video-translator,2026-03-31
https://www.curify-ai.com/i/ed914f6f-4bfa-4ca4-a244-3ea37e983897,2026-03-30
https://www.curify-ai.com/i/93fbf631-9aa1-47b1-addb-15ab48c315a3,2026-03-30
https://www.curify-ai.com/images/9920f5ad-c6bb-4375-9255-a80f8568b0a9,2026-03-28