domain,external_case_id,external_step_id,external_step,external_evidence_strength,current_curify_evidence,current_curify_support,gap_description,user_value,professional_necessity,repeatability,ai_workflow_compatibility,demo_value,recommendation,recommendation_confidence,reason,evidence_ids
merch,merch_001,step_01,Reference gathering & conceptualization (on-site + Street View + architectural drawings + sketching),HIGH,UNKNOWN,UNKNOWN_CURRENT_STATE,"External source shows a human research/reference-gathering phase preceding illustration; Curify's baseline (video) starts from an already-chosen character/IP, not from raw physical-site reference gathering.",LOW,MEDIUM,LOW,LOW,LOW,IGNORE,MEDIUM,"This step describes the human designer's own upstream research process (site visits, architectural drawings) before any digital tool is involved. It precedes Curify's stated starting point (a character/IP already exists) and is not a generation-pipeline step Curify would perform. No baseline evidence claims Curify does or should do reference gathering, so nothing is being called 'missing' here.",EV-01
merch,merch_001,step_02,Illustration drawing pipeline (PS photo base -> sketch -> line cleanup -> AI vector -> color blocking -> PS refine -> multi-size adapt),HIGH,UNKNOWN,UNKNOWN_CURRENT_STATE,"Describes a fixed multi-tool MANUAL illustration pipeline with built-in iteration/rework time. Curify's video shows AI automating illustration generation, not a manual multi-app pipeline, so this is a different production model, not a missing capability.",LOW,MEDIUM,LOW,LOW,LOW,IGNORE,MEDIUM,"This documents how a human illustrator manually works, which is precisely the manual labor Curify's AI generation is meant to replace/accelerate, not a workflow node to add. The one transferable idea (multi-size adaptation as a final sub-step) is captured separately in step_03 below.",EV-02
merch,merch_001,step_03,"Product design / format recomposition (per-SKU-format recomposition, not simple crop/resize)",HIGH,MANAGER_MEETING_CONFIRMED,PARTIALLY_SUPPORTED,"Manager-meeting evidence confirms Curify already has some 'handling of disconnected visual elements' capability for merch production. This external step provides independent professional validation that naive resize/crop across product-format aspect ratios (postcard/phone-case/badge/magnet) is professionally insufficient and that per-format recomposition is a real, necessary step -- but it does not tell us whether Curify's confirmed capability already covers this specific case.",HIGH,HIGH,HIGH,HIGH,MEDIUM,KEEP,HIGH,"VALIDATES_EXISTING_DIRECTION: the external, independently-sourced finding that each product format needs dedicated recomposition (not mechanical resize) reinforces the professional necessity of the 'disconnected-element handling' capability the manager already described as part of Curify's merch direction. This is not a newly discovered gap -- it is corroborating evidence for a direction Curify has already committed to. No ADD is recommended because the underlying capability is already manager-confirmed as part of the plan; current implementation completeness remains unverified (see reason column, not a MISSING claim).",EV-03
merch,merch_001,step_04,Packaging design under factory MOQ constraint (custom stamp + hand-folding workaround),HIGH,UNKNOWN,NOT_RELEVANT,"Describes a human small-batch business's manual workaround for factory minimum-order-quantities on physical packaging -- a supply-chain/manufacturing-economics problem, not a creative-asset-generation step.",LOW,MEDIUM,LOW,LOW,LOW,IGNORE,HIGH,"This is a physical-production/procurement workaround (stamps, hand-folding) for one independent seller's manufacturing constraint. It sits entirely outside an AI creative-asset-generation tool's product surface; Curify does not manage physical MOQ negotiations or hand-assembly. Not scored as MISSING because it was never claimed to be in scope.",EV-04
merch,merch_001,step_05,"Manufacturer sampling / vendor selection (3-5 vendors, compare color accuracy/price/spec)",HIGH,UNKNOWN,NOT_RELEVANT,Supply-chain vendor-selection process; not a creative-generation step.,LOW,MEDIUM,LOW,LOW,LOW,IGNORE,HIGH,Vendor sourcing/sampling is a physical-manufacturing procurement activity outside Curify's product surface as a design/asset generation tool.,EV-05
merch,merch_001,step_06,"Legal / trademark / copyright clearance (Trade Mark Act review, lawyer consult, exclude trademarked marks and portrait-rights buildings)",HIGH,UNKNOWN,UNKNOWN_CURRENT_STATE,"No baseline evidence (video or manager-confirmed) establishes whether Curify surfaces any IP/trademark-risk guidance for character/IP-derived merch. Given Curify's core merch use case is explicitly 'character/IP -> merch applications,' this is a directly relevant real-world legal constraint that the current known baseline is simply silent on -- silence is not evidence of absence, so this is scored UNKNOWN_CURRENT_STATE rather than MISSING.",MEDIUM,HIGH,HIGH,MEDIUM,LOW,RESEARCH_FURTHER,MEDIUM,"This is genuinely new professional knowledge not present in any current baseline evidence: fan-made/derivative merch referencing real IP must avoid trademarked marks/names and account for image/portrait rights. It is professionally necessary and recurs across nearly every merch use case (character/IP-driven), but it is an educational/guardrail feature (e.g. a disclaimer or risk-flag step) rather than a generation transformation, so AI-workflow-compatibility and demo value are only medium/low. Recommending RESEARCH_FURTHER (should Curify surface IP-risk guidance when generating derivative merch?) rather than a hard ADD, since this is a product-policy question, not a pure workflow-engineering one.",EV-06
merch,merch_001,step_07,"Pricing strategy (market-based pricing, bundle discounts, spend-tier promotions)",HIGH,UNKNOWN,NOT_RELEVANT,"Retail pricing/promotion strategy; a commerce-operations decision, not a creative-asset-generation step.",LOW,LOW,LOW,LOW,LOW,IGNORE,HIGH,"Pricing strategy is a business decision made by the seller, not an asset Curify would generate as part of a merch creative pipeline.",EV-07
merch,merch_001,step_08,"Incoming quality inspection (checkable defect categories: dimensional tolerance, magnet position, glass integrity, print alignment/ghosting)",HIGH,MANAGER_MEETING_CONFIRMED,PARTIALLY_SUPPORTED,"Manager-confirmed print-readiness capabilities (CMYK, ~3mm bleed, 600dpi, disconnected-element handling) are about digital file preparation, not physical post-manufacture inspection. This step's underlying principle -- define specific, checkable defect categories rather than a vague 'quality check' -- is a transferable idea for a pre-export digital preflight check, even though the physical QC itself is out of scope.",MEDIUM,MEDIUM,MEDIUM,MEDIUM,LOW,MODIFY,LOW,"Physical incoming QC on manufactured goods (magnet weight, glass integrity) is NOT_RELEVANT to Curify directly, but the professional principle behind it -- specific, named, checkable defect categories rather than an unstructured check -- is a reasonable enhancement to the manager-confirmed print-file validation (bleed/dpi/CMYK/disconnected-elements) as an automated 'digital preflight' concept. Framed as a light MODIFY to the existing confirmed print-readiness feature set, not a new domain of work.",EV-08
merch,merch_001,step_09,Listing preparation / product photography (in-house photo studio for 100+ SKUs),HIGH,UNKNOWN,NOT_RELEVANT,"Physical product photography of manufactured goods for listings; overlaps with the ecommerce domain's product-photo workflow, not merch generation.",LOW,LOW,LOW,LOW,LOW,IGNORE,MEDIUM,"This is photographing PHYSICAL manufactured stock, which is a different input modality than merch's character/IP-to-sticker-pack generation flow. If relevant at all, it belongs to the ecommerce domain (see ecommerce_001 comparison), not merch.",EV-09
merch,merch_001,step_10,"Marketing/promotion preparation (~200 images, sequenced strictly after inventory in hand)",HIGH,UNKNOWN,NOT_RELEVANT,Marketing-operations timing/sequencing decision (don't promote before stock exists); not a creative-generation step.,LOW,LOW,LOW,LOW,LOW,IGNORE,HIGH,"This is a business-operations sequencing rule (do not oversell undelivered stock), not something a creative-asset-generation tool produces or enforces.",EV-10
merch,merch_001,step_11,Logistics & delivery packaging (multi-layer protective packaging for a shared food-delivery channel),HIGH,UNKNOWN,NOT_RELEVANT,Physical-distribution/logistics workaround specific to one seller's delivery channel; not a creative-asset step.,LOW,LOW,LOW,LOW,LOW,IGNORE,HIGH,Channel-specific physical protective packaging is a fulfillment-operations concern outside an asset-generation tool's scope.,EV-11
merch,merch_001,step_12,"Ongoing operations (backend listing mgmt, CS, inventory, fulfillment, financial reporting)",HIGH,UNKNOWN,NOT_RELEVANT,Full post-launch business operations; not a creative-generation step.,LOW,LOW,LOW,LOW,LOW,IGNORE,HIGH,"Ongoing shop operations (customer service, inventory, financial reporting) are business-operations activities, not creative-asset generation.",EV-12
ecommerce,ecommerce_001,step_1,"Raw photo intake (ordinary phone photo, no studio photography required)",HIGH,VIDEO_CONFIRMED,CURRENTLY_SUPPORTED,Directly matches Curify's own stated video framing ('one ordinary product phone photo -> professional ad'). No gap.,HIGH,HIGH,HIGH,HIGH,HIGH,KEEP,HIGH,VALIDATES_EXISTING_DIRECTION: this external step is essentially identical to Curify's already-stated starting premise. It confirms the premise is professionally sound (a vendor tool builds a real product around the same 'phone photo in' idea) rather than revealing a gap.,EV01;EV03
ecommerce,ecommerce_001,step_2,Core instructions / selling-point input (raw product attributes translated into consumer-benefit language before generation),HIGH,MANAGER_MEETING_CONFIRMED,PARTIALLY_SUPPORTED,Manager-confirmed 'product parameters' establishes that Curify already captures structured product attributes as input. Whether an explicit benefit-language-translation transformation is applied on top of raw parameters before image generation is not established either way.,HIGH,HIGH,HIGH,HIGH,MEDIUM,MODIFY,MEDIUM,"The parent capability (structured product-attribute input) is manager-confirmed to exist ('product parameters'), so this is treated as an enhancement to a known feature rather than a net-new capability claim. The external evidence is strong and specific (explicit quote-level mapping of raw spec -> consumer concern, e.g. food-grade->safety, lightweight->hiking pain point) and is highly compatible with an AI pipeline (a structured prompt/transformation step). Recommend verifying whether this translation step already exists inside product-parameters handling, and if not, adding it as an explicit stage.",EV04
ecommerce,ecommerce_001,step_3,Style selection (4 defined visual directions; selection informed by category-level performance/CTR data),HIGH,MANAGER_MEETING_CONFIRMED,PARTIALLY_SUPPORTED,"Manager-confirmed holiday-campaign styling (Halloween, Valentine's Day) establishes that style/theme-driven generation is already part of Curify's ecommerce direction. The specific idea of CTR-data-informed style selection (vs. purely aesthetic/seasonal choice) is not established either way.",MEDIUM,MEDIUM,MEDIUM,MEDIUM,MEDIUM,RESEARCH_FURTHER,LOW,The general pattern (offer multiple defined style directions) already VALIDATES_EXISTING_DIRECTION via the confirmed holiday-campaign feature. The narrower claim -- that style choice should be driven by category-level CTR performance data -- is a data/analytics-feedback-loop feature that goes beyond a single generation transformation and would require a performance-data pipeline Curify's current confirmed scope does not establish. Flagging as RESEARCH_FURTHER rather than ADD given this bigger product-architecture question.,EV05
ecommerce,ecommerce_001,step_4,"Image-suite generation: minimum 7 images across 4 required categories (white-background, scene, selling-point close-up, comparison) with explicit composition rules (>=60% product-body composition, 3:4 vertical ratio, mandatory white-background shot)",HIGH,MANAGER_MEETING_CONFIRMED,PARTIALLY_SUPPORTED,"Manager-confirmed 'listing/detail pages' establishes that Curify already produces this category of output. The SPECIFIC structured ruleset (image count, category taxonomy, composition percentages, aspect ratio) within that output category is not established either way in current baseline evidence.",HIGH,HIGH,HIGH,HIGH,HIGH,ADD,MEDIUM,"This is the single most concrete, well-evidenced, and demo-able ecommerce finding in the whole B2 corpus: a named, checkable structural requirement (>=7 images, 4 defined categories, 3:4 ratio, >=60% product-body composition, mandatory white-background shot) for a genuinely complete marketplace-style detail page. Because the parent output category (listing/detail pages) is already manager-confirmed to exist, this is scoped as an enhancement (add this structured ruleset as an explicit generation/validation template) rather than a claim that listing pages are currently missing. Recommendation confidence is MEDIUM rather than HIGH because we do not know whether some version of this structure already exists in the current implementation.",EV06;EV08
ecommerce,ecommerce_001,step_5,Generation & page placement (final assets rendered and assembled into the existing detail-page layout),HIGH,VIDEO_CONFIRMED,CURRENTLY_SUPPORTED,Matches the video's stated end-state framing ('ready-to-sell product presentation'). No gap.,MEDIUM,MEDIUM,HIGH,HIGH,MEDIUM,KEEP,MEDIUM,VALIDATES_EXISTING_DIRECTION: final asset assembly into a complete page is already the stated end-point of Curify's video framing; this step corroborates that a real commercial tool ends its pipeline the same way.,EV07;EV10
education,education_001,step_01_video_story_lesson,"Daily story video lesson (Mon-Thu, serialized fairy-tale-drama, interlocking weekly story arc)",HIGH,VIDEO_CONFIRMED,CURRENTLY_SUPPORTED,Matches Curify's own baseline first step ('story / episode'). No gap in step existence.,MEDIUM,MEDIUM,HIGH,MEDIUM,MEDIUM,KEEP,MEDIUM,"CONFIRMED_FINDING, but scoped narrowly: EDU-01 confirms 'story' as a real first-touchpoint pattern in a live commercial product, VALIDATES_EXISTING_DIRECTION for Curify's existing 'story/episode' step. Caution: EDU-01 documents the LEARNER'S weekly viewing experience, not how Zebra's internal team produces that video -- this row validates the presence of a story-first step, not any production-pipeline detail for making one.",EV01;EV02;EV03
education,education_001,step_02_word_cards,Illustrated audio word cards (image + audio + word per target vocabulary item),MEDIUM,VIDEO_CONFIRMED,CURRENTLY_SUPPORTED,Exact conceptual match to Curify's own baseline 'word cards' step. No gap.,MEDIUM,MEDIUM,HIGH,MEDIUM,MEDIUM,KEEP,MEDIUM,"CONFIRMED_FINDING: 'word cards' is both Curify's own stated step name and EDU-01's step name/content (illustrated, audio-enabled flashcard per word) -- a strong direct validation. VALIDATES_EXISTING_DIRECTION, not a new discovery. EDU-01's own confidence on this step's exact intra-day ordering (vs Quiz/Zebra Call) is MEDIUM, not HIGH, per the source's own disclosure -- noted here for honesty though it does not affect the finding that the component itself exists.",EV05
education,education_001,step_03_story_reading_and_followalong,"Picture-book reading & follow-along (day's content re-contextualized in a new mini-story; read first, then read-aloud follow-along)",HIGH,VIDEO_CONFIRMED,PARTIALLY_SUPPORTED,Curify's baseline step is 'reading & translation.' EDU-01 confirms a 'reading' step exists as a real pattern but describes a different mechanism (re-contextualization + spoken follow-along repetition) with no mention of translation at all -- EDU-01 provides no evidence about a translation function one way or the other.,MEDIUM,MEDIUM,MEDIUM,MEDIUM,MEDIUM,MODIFY,LOW,"CONFIRMED_FINDING for the 'reading' half of Curify's step; NO EVIDENCE either way on 'translation' (EDU-01 is an English-only-market product with no translation component described, so it cannot confirm or deny Curify's translation sub-step). The genuinely new, well-evidenced idea worth considering is the 'read first, then read-aloud follow-along' micro-sequence and re-contextualization-over-verbatim-repetition principle, offered as a MODIFY suggestion to the existing reading step -- not a claim that Curify's reading step is deficient.",EV06
education,education_001,step_04_quiz,"Multi-dimensional quiz (single word tested separately on pronunciation, meaning, and written form; deliberately plain visual presentation)",HIGH,VIDEO_CONFIRMED,PARTIALLY_SUPPORTED,"Curify's baseline confirms a 'quiz' step exists. EDU-01 adds a specific, well-evidenced professional design principle for HOW to structure that quiz (test multiple knowledge dimensions separately) that current baseline evidence neither confirms nor denies.",HIGH,HIGH,HIGH,HIGH,MEDIUM,MODIFY,MEDIUM,"CONFIRMED_FINDING: this is one of EDU-01's most directly-quoted, unambiguous professional principles (test pronunciation/meaning/written-form as separate items, not one combined item). Because 'quiz' already exists as a confirmed Curify step, this is scoped as a MODIFY (structure the existing quiz-generation step along these three dimensions) rather than an ADD. Genuinely new professional knowledge not present in Curify's stated baseline.",EV07
education,education_001,step_05_zebra_call,Simulated foreign-teacher phone call ('Zebra Call' -- direct-address conversational review checkpoint with built-in response pause time),HIGH,UNKNOWN,UNKNOWN_CURRENT_STATE,"No baseline step corresponds to a live conversational review checkpoint; Curify's baseline (story/word cards/reading/quiz/character map/learning pack) is composed of generated, packaged assets, not live interactive video calls.",LOW,MEDIUM,LOW,LOW,MEDIUM,RESEARCH_FURTHER,LOW,"HYPOTHESIS_REQUIRING_BETTER_SOURCE, not a confirmed finding: this is a live, human-teacher-fronted interactive video feature, a fundamentally different product category (real-time interactive video) from Curify's apparent asset-GENERATION model. Given EDU-01's PARTIAL evidence status and that this describes learner-facing delivery infrastructure rather than a generation step, no strong recommendation is warranted. At most, it might inspire a generated 'practice Q&A card' asset as a loose analog -- flagged for further research only, not for implementation.",EV08
education,education_001,step_06_wechat_teacher_video,"WeChat Chinese-teacher mini-video (daily human-teacher read-through + pronunciation coaching, delivered outside the core app)",HIGH,UNKNOWN,NOT_RELEVANT,"A human-teacher-delivered, off-app community/messaging feature; not a generated creative asset or a step in Curify's stated learning-pack pipeline.",LOW,LOW,LOW,LOW,LOW,IGNORE,MEDIUM,"HYPOTHESIS-level observation only: this is human-operations infrastructure (a teacher recording and posting videos daily), not a pattern an asset-generation tool would reproduce. Given EDU-01's PARTIAL/learner-facing-delivery limitation, this is noted for completeness and excluded from recommendations.",EV09
education,education_001,step_07_wechat_group_homework,WeChat group recorded-practice task & feedback (child records real-object practice video; human teacher reviews/comments),HIGH,UNKNOWN,NOT_RELEVANT,Human-teacher-mediated community homework/feedback loop; not a generated asset or generation-pipeline step.,LOW,LOW,LOW,LOW,LOW,IGNORE,MEDIUM,"Same reasoning as step_06: this is human-operations/community infrastructure, not a content-generation pattern. Excluded from recommendations given EDU-01's learner-facing-delivery limitation.",EV10
education,education_001,step_08_friday_live_class,Friday interactive live-format class (~20 min synthesis/culmination session with competitive game-style interaction),HIGH,VIDEO_CONFIRMED,UNKNOWN_CURRENT_STATE,"Loosely analogous to Curify's baseline final step ('learning pack') as a culminating deliverable, but EDU-01's version is a live interactive class, not a generated static/packaged asset.",LOW,LOW,MEDIUM,LOW,MEDIUM,RESEARCH_FURTHER,LOW,"HYPOTHESIS_REQUIRING_BETTER_SOURCE: the underlying idea of a weekly 'consolidation/review' culmination is directionally consistent with Curify's 'learning pack' end-state, but a live competitive class is a different product shape than a generated pack. Could loosely inspire a generated 'weekly review pack' asset; flagged for research only, not recommended as-is.",EV04
education,education_001,pc_01_memory_capacity,"Professional constraint: 3-7 year-olds' short-term memory capacity is only '3 plus/minus 2' chunks, motivating the whole repetition/reinforcement design",HIGH,UNKNOWN,UNKNOWN_CURRENT_STATE,No baseline evidence confirms or denies whether Curify's learning-pack generation logic accounts for age-appropriate cognitive-load limits when deciding how much vocabulary/content to include per pack.,HIGH,HIGH,HIGH,MEDIUM,LOW,RESEARCH_FURTHER,MEDIUM,"CONFIRMED_FINDING (directly quoted pedagogical-science claim, not inferred): this is genuinely new, well-evidenced professional knowledge about a real constraint on how much content a single learning pack should contain for young children. It is professionally necessary and broadly repeatable across all education-domain generations, but translating a cognitive-science constraint into a concrete generation rule (e.g., a max new-vocabulary-item count per pack) needs product-design input beyond what EDU-01 alone can specify -- hence RESEARCH_FURTHER rather than a direct ADD.",EV11
education,education_001,pc_02_repetition_target,"Professional constraint: each target word is cycled through 9+ distinct exposures per week across varied modalities (listening, reading, oral, guided, self-expression)",HIGH,VIDEO_CONFIRMED,PARTIALLY_SUPPORTED,"Curify's baseline pipeline (story -> word cards -> reading -> quiz -> character map -> learning pack) already offers several distinct modalities per word by construction (visual, card, reading, quiz), which is directionally consistent with a varied-repetition principle, but no baseline evidence confirms a specific exposure-count target is designed for.",MEDIUM,MEDIUM,HIGH,MEDIUM,LOW,RESEARCH_FURTHER,LOW,"CONFIRMED_FINDING: EDU-01 directly quotes a specific repetition target (9+ exposures/week, varied modality) as the mechanism behind its stated effectiveness. Curify's existing multi-step pipeline already provides several of the needed modalities by design, so this VALIDATES the general multi-touchpoint direction; the specific numeric target is new information worth considering as a design guideline, not an urgent gap.",EV11
brand_logo,brand_logo_001,step_01_define_objectives,Define rebrand objectives (three named objectives set at project start),HIGH,MANAGER_MEETING_CONFIRMED,UNKNOWN_CURRENT_STATE,"The manager confirmed only that an external five-step brand-design process was previously adapted into Curify; the content of those five steps is unrecorded, so we cannot say whether an objectives-definition step is or isn't already part of Curify's brand_logo flow.",LOW,MEDIUM,MEDIUM,LOW,LOW,RESEARCH_FURTHER,LOW,"Step ORDER note: this is BRAND-03's first step in a reconstructed (MEDIUM-confidence) sequence, not source-declared chronological wording. Generic project-scoping/objective-setting is more of a human brief-writing activity than an AI generation node; low AI-workflow-compatibility. Current Curify state is genuinely UNKNOWN (not MISSING) since the manager-referenced five-step process content was never recorded.",EV01;EV02
brand_logo,brand_logo_001,step_02_client_persona_research,Develop client personas (5 distinct personas + quantified secondary-audience definition),HIGH,UNKNOWN,UNKNOWN_CURRENT_STATE,No baseline evidence establishes whether Curify's brand_logo workflow generates or uses audience personas at any stage.,HIGH,MEDIUM,HIGH,HIGH,HIGH,RESEARCH_FURTHER,LOW,"HIGH_VALUE_CAPABILITY_TO_VERIFY: persona-driven creative variation (distinct personas each driving tailored creative treatment) is a compelling, AI-compatible, demo-friendly pattern with no analog in any current confirmed Curify capability across any domain. Current state is UNKNOWN_CURRENT_STATE, not MISSING, since the manager-referenced five-step process was never recorded and could already include something like this. Worth explicit product research given its demo/value potential.",EV03;EV04
brand_logo,brand_logo_001,step_03_advisor_persona_research,Develop advisor/secondary-stakeholder personas (3 distinct personas),HIGH,UNKNOWN,UNKNOWN_CURRENT_STATE,"Same reasoning as step_02, applied to a second persona set (internal/advisor-facing rather than client-facing).",MEDIUM,LOW,MEDIUM,MEDIUM,MEDIUM,RESEARCH_FURTHER,LOW,This is a case-specific detail (Constellation's advisor-facing audience) rather than a broadly generalizable pattern beyond the general persona-driven-creative idea already captured in step_02. Lower priority than step_02; current state UNKNOWN_CURRENT_STATE.,EV05
brand_logo,brand_logo_001,step_04_creative_device,"Create a distinguishing sub-brand visual device (a 'keyline square' applied consistently over persona photography, exclusive to this sub-brand)",MEDIUM,UNKNOWN,UNKNOWN_CURRENT_STATE,No baseline evidence establishes whether Curify's brand_logo workflow addresses sub-brand-within-parent-brand differentiation.,LOW,MEDIUM,LOW,MEDIUM,LOW,RESEARCH_FURTHER,LOW,"Step ORDER note: this step's placement (4th of 8) is part of BRAND-03's reconstructed, MEDIUM-confidence ordering, not source-declared sequence wording -- and this specific step's own evidence_status confidence in the source case file is MEDIUM (not HIGH). The underlying pattern (a sub-brand needs a minimal distinguishing device within a parent identity system) is a narrow, case-specific scenario (corporate sub-brand rebrand) less likely to generalize to Curify's more common standalone-new-brand use case. Low priority.",EV06;EV07
brand_logo,brand_logo_001,step_05_localization,"Localize personas and materials for target-language/culture markets (adapting persona representation itself, not merely translating copy)",HIGH,UNKNOWN,UNKNOWN_CURRENT_STATE,No baseline evidence establishes whether Curify's brand_logo (or any domain's) workflow supports culture/market-specific persona or asset adaptation beyond literal text translation.,MEDIUM,MEDIUM,MEDIUM,MEDIUM,MEDIUM,RESEARCH_FURTHER,LOW,"HIGH_VALUE_CAPABILITY_TO_VERIFY, moderate priority: the principle (localization means adapting representation, not just translating text) is well-evidenced and professionally real, but its applicability depends on whether Curify's brand_logo domain is expected to serve multi-market/multi-language brand rollouts at all -- unverified given current UNKNOWN baseline.",EV08
brand_logo,brand_logo_001,step_06_applications_production,"Produce multi-format brand applications (advisor brochure, client kits, die-cut brochures, large-format prints, posters/one-pagers)",HIGH,UNKNOWN,UNKNOWN_CURRENT_STATE,No baseline evidence establishes what output formats Curify's brand_logo domain currently produces beyond a logo itself; the manager referenced an external five-step process (content unrecorded) that may or may not already include multi-format collateral production.,HIGH,HIGH,HIGH,HIGH,HIGH,RESEARCH_FURTHER,MEDIUM,"HIGH_VALUE_CAPABILITY_TO_VERIFY: the pattern 'one identity -> multiple applied collateral formats' directly echoes merch_001's per-SKU-format-recomposition finding (step_03) and packaging_001's multi-application pattern -- a recurring cross-domain signal that 'one asset -> many correctly-adapted formats' is a broadly valuable, repeatable, AI-compatible capability. Given it recurs across three independent B2 sources, this is one of the strongest cross-domain findings in the whole B3 analysis and merits explicit product verification/prioritization, even though brand_logo's own current baseline is UNKNOWN.",EV09;EV10;EV11
brand_logo,brand_logo_001,step_07_vendor_coordination,"Coordinate digital-tool updates with an external, third-party-maintained vendor",HIGH,UNKNOWN,NOT_RELEVANT,"A human/organizational vendor-management activity, not a creative-generation step.",LOW,LOW,LOW,LOW,LOW,IGNORE,MEDIUM,This describes coordinating with a third-party platform vendor maintaining a separate digital tool -- an organizational/process concern with no analog in an AI creative-generation product.,EV12
brand_logo,brand_logo_001,step_08_launch,Launch campaign on a fixed date across the defined language set,HIGH,UNKNOWN,NOT_RELEVANT,"Campaign rollout/launch-management activity, not a creative-generation step.",LOW,LOW,LOW,LOW,LOW,IGNORE,MEDIUM,"Launch scheduling and rollout is a marketing-operations activity, not an asset a creative-generation tool produces.",EV13
packaging,packaging_001,step_01,"Measuring Up: determine package size/type/structure from physical product measurements (width/length/depth), optimizing for shelf space while preserving product visibility",HIGH,UNKNOWN,UNKNOWN_CURRENT_STATE,"No baseline evidence exists on whether Curify's packaging domain accepts dimensional/physical-measurement input at all, as opposed to a flat photo input like ecommerce/merch.",HIGH,HIGH,HIGH,MEDIUM,MEDIUM,RESEARCH_FURTHER,MEDIUM,"HIGH_VALUE_CAPABILITY_TO_VERIFY: this reveals a structurally important open question -- packaging structural design fundamentally needs a 3D/dimensional input (product measurements) rather than a single flat photo, which is a different input modality than every other domain's confirmed 'one photo in' pattern. This is worth explicit verification before any packaging feature work, since it may require a different input UX entirely. No claim is made that Curify currently lacks this.",E01;E02
packaging,packaging_001,step_02,"Mockup Testing: physical blank prototype used to validate sizing, stock (paper) weight, and folding of internal structural elements",HIGH,UNKNOWN,NOT_RELEVANT,A physical-prototyping step (cutting and folding real paper); an AI asset-generation tool cannot physically test paper-weight/folding feasibility.,LOW,HIGH,MEDIUM,LOW,LOW,RESEARCH_FURTHER,LOW,"The physical mockup itself is out of scope for a digital tool (NOT_RELEVANT as a literal step), but the underlying professional need -- validating that a design will actually fold/assemble correctly before finalizing it -- could conceivably be approximated by a 3D preview/simulation feature. Flagged only as a loose research idea, not a recommended capability, given the significant gap between 'physical paper test' and any digital analog.",E03;E04
packaging,packaging_001,step_03,"Initial Creative Exploration: generate 4 distinct design concepts, each evaluated against 3 explicit named goals (shelf impact, clear product communication, brand consistency)",HIGH,UNKNOWN,UNKNOWN_CURRENT_STATE,"No baseline evidence establishes whether Curify generates multiple distinct concept variants evaluated against named criteria, in packaging or any other domain.",HIGH,HIGH,HIGH,HIGH,HIGH,RESEARCH_FURTHER,MEDIUM,"HIGH_VALUE_CAPABILITY_TO_VERIFY, and arguably the single most broadly reusable pattern found anywhere in the B2 corpus: 'generate N concept variants, each explicitly scored against named criteria' is a generically valuable, highly AI-compatible, highly demo-able pattern applicable well beyond packaging (any domain that produces a first creative pass could use it). Current Curify state is genuinely unknown across the board, so this is scoped as a cross-domain research priority rather than a packaging-only ADD.",E05
packaging,packaging_001,step_04,"Dieline Drafting: create a production-accurate digital dieline accounting for folding, stock weight, and print feasibility, periodically verified with 3D software",HIGH,UNKNOWN,UNKNOWN_CURRENT_STATE,"No baseline evidence exists on whether Curify's packaging domain produces (or intends to produce) a technical dieline as opposed to a purely visual/artistic packaging render. Per explicit task instruction, this must NOT be characterized as a confirmed gap ('Curify is missing dielines') since current state is unverified.",HIGH,HIGH,HIGH,LOW,MEDIUM,RESEARCH_FURTHER,MEDIUM,"HIGH_VALUE_CAPABILITY_TO_VERIFY -- the single most important open question in the packaging domain. A dieline is a technical print-production deliverable (die-cutting/folding line-work engineered for a specific structural format), fundamentally different from a decorative packaging render. Whether Curify's packaging output is meant to be a production-ready dieline or a visual mockup/render is unknown and materially changes what 'packaging support' even means for this domain. This is explicitly NOT asserted as a gap; it is flagged as the top verification priority before any packaging roadmap decision.",E06;E07;E08
packaging,packaging_001,step_05,"Final Package Production: lay final approved artwork (photography, callouts, graphics) onto the verified dieline, re-checked in 3D since flat 2D layouts can misrepresent the folded result",HIGH,UNKNOWN,UNKNOWN_CURRENT_STATE,"Directly depends on step_04 (dieline). If Curify does not produce/use dielines, this step's applicability is also unknown.",MEDIUM,HIGH,MEDIUM,LOW,MEDIUM,RESEARCH_FURTHER,LOW,Same HIGH_VALUE_CAPABILITY_TO_VERIFY status as step_04 and directly contingent on its answer: 2D-vs-3D discrepancy checking only matters if a structural dieline is already part of the pipeline. Not scored independently ADD/MISSING pending that verification.,E09;E10
packaging,packaging_001,step_06,Product Launch: print packaging and distribute into major retail channels,HIGH,UNKNOWN,NOT_RELEVANT,Physical print-fulfillment and retail-distribution operations; not a creative-generation step.,LOW,LOW,LOW,LOW,LOW,IGNORE,HIGH,Printing and physical retail distribution are fulfillment/operations activities outside any creative-asset-generation tool's product surface.,E11
