keyword,intent,volume,kd,cpc,target_page,kd_date,source_doc,commercial,kd_history
programmatic seo tool,,,9,,/blog/best-programmatic-seo-tools,2026-05-30,docs/blog-quality.md#L108-124,0,
seo automation tool,,,29,,/blog/best-programmatic-seo-tools,2026-05-30,docs/blog-quality.md#L108-124,0,
style transfer ai,,,25,,/tools/style-transfer,2026-05-30,docs/blog-quality.md#L108-124,0,
ai product photo generator,C,70,45,3.67,/tools/ai-product-photo-generator,2026-09-21,docs/blog-quality.md#L108-124;docs/blog-quality.md#L660-697;docs/workstream-seo-smm-growth.md#L1531-1568;docs/workstream-seo-smm-growth.md#L4135-4160,1,05-30:36;08-10:45;09-01:45
video dubbing software,,,45,,/tools/video-dubbing,2026-05-30,docs/blog-quality.md#L108-124,0,
seo content tool,,,50,,,2026-05-30,docs/blog-quality.md#L108-124,0,
video transcription tool,,,52,,,2026-05-30,docs/blog-quality.md#L108-124,0,
ai seo tool,,,55,,,2026-05-30,docs/blog-quality.md#L108-124,0,
ai seo content,,,56,,,2026-05-30,docs/blog-quality.md#L108-124,0,
ai worksheet generator,,880,30,1.21,/tools/worksheet-from-video,2026-07-15,docs/blog-quality.md#L660-697,0,
youtube worksheet generator,,,10,,/tools/worksheet-from-video,2026-07-15,docs/blog-quality.md#L660-697,0,
ai language learning,,,50,,,2026-07-15,docs/blog-quality.md#L660-697,0,
ai video dubbing,C,480,72,1.98,/tools/video-dubbing,2026-08-10,docs/blog-quality.md#L660-697,1,
ai packaging design,I,170,29,3.53,/blog/ai-packaging-design-guide,2026-08-10,curify-gtm/gtm_tools/semrush_kd_2026-06-05_merchandise_design.md;docs/blog-quality.md#L660-697,0,06-05:49
die cut sticker maker,I+C,170,25,2.25,/tools/die-cut-sticker,2026-08-10,docs/blog-quality.md#L660-697,1,
programmatic seo tools,I,140,10,8.98,/blog/best-programmatic-seo-tools,2026-08-10,docs/blog-quality.md#L660-697,1,
voice cloning tools,C,110,56,2.88,/blog/voice-cloning-tools,2026-08-10,docs/blog-quality.md#L660-697,1,
mbti poster generator,,,,,,2026-08-10,docs/blog-quality.md#L660-697,0,
mbti character card maker,,,,,,2026-08-10,docs/blog-quality.md#L660-697,0,
personality poster maker,,,,,,2026-08-10,docs/blog-quality.md#L660-697,0,
mbti art generator,,,,,,2026-08-10,docs/blog-quality.md#L660-697,0,
die cut stickers,C,8100,39,4.71,,2026-06-05,curify-gtm/gtm_tools/semrush_kd_2026-06-05_merchandise_design.md,1,
print on demand business,I,1900,50,2.08,,2026-06-05,curify-gtm/gtm_tools/semrush_kd_2026-06-05_merchandise_design.md,0,
ai product photography,I,390,39,4.72,,2026-09-21,curify-gtm/gtm_tools/semrush_kd_2026-06-05_merchandise_design.md;docs/workstream-seo-smm-growth.md#L1531-1568;docs/workstream-seo-smm-growth.md#L4135-4160,0,06-05:23;09-01:39
product design studio,C,390,73,5.09,,2026-06-05,curify-gtm/gtm_tools/semrush_kd_2026-06-05_merchandise_design.md,1,
ai character design,I,210,71,0.97,,2026-06-05,curify-gtm/gtm_tools/semrush_kd_2026-06-05_merchandise_design.md,0,
sticker design software,I,200,64,1.32,,2026-06-05,curify-gtm/gtm_tools/semrush_kd_2026-06-05_merchandise_design.md,0,
blind box design,C,110,67,0.54,,2026-06-05,curify-gtm/gtm_tools/semrush_kd_2026-06-05_merchandise_design.md,1,
character design tools,,40,,,,2026-06-05,curify-gtm/gtm_tools/semrush_kd_2026-06-05_merchandise_design.md,0,
custom merchandise design,C,30,63,5.94,,2026-06-05,curify-gtm/gtm_tools/semrush_kd_2026-06-05_merchandise_design.md,1,
travel itinerary template,,22200,36,,/blog/ai-travel-itinerary-templates,2026-06-10,docs/seo-travel-batch-2026-06-10.md,0,
travel planner,,9900,82,,,2026-06-10,docs/seo-travel-batch-2026-06-10.md,0,
vacation planner,,8100,68,,,2026-06-10,docs/seo-travel-batch-2026-06-10.md,0,
trip planner template,,1900,42,,/blog/ai-travel-itinerary-templates,2026-06-10,docs/seo-travel-batch-2026-06-10.md,0,
travel itinerary ideas,,140,23,,/blog/ai-travel-itinerary-templates,2026-06-10,docs/seo-travel-batch-2026-06-10.md,0,
travel guide template,,140,19,,/blog/ai-travel-itinerary-templates,2026-06-10,docs/seo-travel-batch-2026-06-10.md,0,
travel itinerary examples,,140,10,,/blog/ai-travel-itinerary-templates,2026-06-10,docs/seo-travel-batch-2026-06-10.md,0,
travel posters,,2400,26,,,2026-06-10,docs/seo-travel-batch-2026-06-10.md,0,
travel poster,,1600,25,,,2026-06-10,docs/seo-travel-batch-2026-06-10.md,0,
national park poster,,1300,27,,,2026-06-10,docs/seo-travel-batch-2026-06-10.md,0,
vintage travel poster,,880,19,,,2026-06-10,docs/seo-travel-batch-2026-06-10.md,0,
retro travel poster,,140,21,,,2026-06-10,docs/seo-travel-batch-2026-06-10.md,0,
tourism poster,,140,21,,,2026-06-10,docs/seo-travel-batch-2026-06-10.md,0,
journey map,,5400,54,,,2026-06-10,docs/seo-travel-batch-2026-06-10.md,0,
travel map,,5400,37,,,2026-06-10,docs/seo-travel-batch-2026-06-10.md,0,
travel timeline,,70,78,,,2026-06-10,docs/seo-travel-batch-2026-06-10.md,0,
travel scrapbook,,1300,10,,/blog/ai-travel-scrapbook-templates,2026-06-10,docs/seo-travel-batch-2026-06-10.md,0,
travel journal ideas,,590,27,,/blog/ai-travel-scrapbook-templates,2026-06-10,docs/seo-travel-batch-2026-06-10.md,0,
travel collage,,320,23,,/blog/ai-travel-scrapbook-templates,2026-06-10,docs/seo-travel-batch-2026-06-10.md,0,
travel wall art,,210,7,,/blog/ai-travel-scrapbook-templates,2026-06-10,docs/seo-travel-batch-2026-06-10.md,0,
travel infographic,,110,23,,/blog/ai-travel-scrapbook-templates,2026-06-10,docs/seo-travel-batch-2026-06-10.md,0,
travel guide japan,,320,38,,,2026-06-10,docs/seo-travel-batch-2026-06-10.md,0,
things to know before visiting japan,,320,35,,,2026-06-10,docs/seo-travel-batch-2026-06-10.md,0,
travel guide italy,,110,37,,,2026-06-10,docs/seo-travel-batch-2026-06-10.md,0,
travel tips japan,,90,36,,,2026-06-10,docs/seo-travel-batch-2026-06-10.md,0,
travel guide spain,,50,49,,,2026-06-10,docs/seo-travel-batch-2026-06-10.md,0,
visual learning,,4400,38,,/blog/visual-learning-tools,2026-06-10,docs/seo-flashcard-learning-batch-2026-06-10.md,0,
picture dictionary,,1600,53,,,2026-06-10,docs/seo-flashcard-learning-batch-2026-06-10.md,0,
printable flashcards,,1300,28,,,2026-06-10,docs/seo-flashcard-learning-batch-2026-06-10.md,0,
vocabulary flashcards,,1300,35,,/blog/vocabulary-flashcards-ai-templates,2026-06-10,docs/seo-flashcard-learning-batch-2026-06-10.md,0,
phonics flashcards,,1000,10,,/blog/phonics-flashcards-ai-templates,2026-06-10,docs/seo-flashcard-learning-batch-2026-06-10.md,0,
visual dictionary,,590,37,,,2026-06-10,docs/seo-flashcard-learning-batch-2026-06-10.md,0,
biology flashcards,,480,17,,/blog/subject-flashcards-biology-chemistry-ai,2026-06-10,docs/seo-flashcard-learning-batch-2026-06-10.md,0,
chemistry flashcards,,480,20,,/blog/subject-flashcards-biology-chemistry-ai,2026-06-10,docs/seo-flashcard-learning-batch-2026-06-10.md,0,
animal flashcards,,390,17,,,2026-06-10,docs/seo-flashcard-learning-batch-2026-06-10.md,0,
flashcards for kids,,390,31,,/blog/bilingual-ai-flashcards-early-childhood-education,2026-06-10,docs/seo-flashcard-learning-batch-2026-06-10.md,0,
picture flashcards,,390,10,,/blog/phonics-flashcards-ai-templates,2026-06-10,docs/seo-flashcard-learning-batch-2026-06-10.md,0,
visual vocabulary,,320,27,,/blog/vocabulary-flashcards-ai-templates,2026-06-10,docs/seo-flashcard-learning-batch-2026-06-10.md,0,
kindergarten flashcards,,260,27,,,2026-06-10,docs/seo-flashcard-learning-batch-2026-06-10.md,0,
science flashcards,,260,18,,/blog/weird-science-facts-classroom-engagement,2026-06-10,docs/seo-flashcard-learning-batch-2026-06-10.md,0,
english flashcards,,210,40,,/blog/vocabulary-flashcards-ai-templates,2026-06-10,docs/seo-flashcard-learning-batch-2026-06-10.md,0,
language flashcards,,210,28,,/blog/vocabulary-flashcards-ai-templates,2026-06-10,docs/seo-flashcard-learning-batch-2026-06-10.md,0,
preschool flashcards,,210,35,,,2026-06-10,docs/seo-flashcard-learning-batch-2026-06-10.md,0,
esl flashcards,,170,30,,/blog/vocabulary-flashcards-ai-templates,2026-06-10,docs/seo-flashcard-learning-batch-2026-06-10.md,0,
learning flashcards,,170,56,,,2026-06-10,docs/seo-flashcard-learning-batch-2026-06-10.md,0,
plant flashcards,,50,6,,,2026-06-10,docs/seo-flashcard-learning-batch-2026-06-10.md,0,
solar system flashcards,,40,,,,2026-06-10,docs/seo-flashcard-learning-batch-2026-06-10.md,0,
space flashcards,,40,14,,,2026-06-10,docs/seo-flashcard-learning-batch-2026-06-10.md,0,
competitor comparison,I+C,480,25,8.64,,2026-06-12,docs/seo-business-news-visualization-batch-2026-06-12.md,1,
business infographic,I,210,33,4.10,,2026-06-12,docs/seo-business-news-visualization-batch-2026-06-12.md,0,
company timeline,I,210,17,3.11,,2026-06-12,docs/seo-business-news-visualization-batch-2026-06-12.md,1,
business timeline,I,170,26,9.33,,2026-06-12,docs/seo-business-news-visualization-batch-2026-06-12.md,1,
company infographic,I,90,40,9.51,,2026-06-12,docs/seo-business-news-visualization-batch-2026-06-12.md,0,
startup infographic,I,90,24,0.00,,2026-06-12,docs/seo-business-news-visualization-batch-2026-06-12.md,0,
company comparison,I+C,70,12,10.39,,2026-06-12,docs/seo-business-news-visualization-batch-2026-06-12.md,1,
business infographic template,I,50,30,3.21,,2026-06-12,docs/seo-business-news-visualization-batch-2026-06-12.md,0,
dress for body type,I,550000,39,0.60,/nano-template/fashion-shape-guide-infographic,2026-08-27,docs/workstream-seo-smm-growth.md#L1188-1235,0,
seasonal color analysis,I,5400,35,0.87,,2026-08-27,docs/workstream-seo-smm-growth.md#L1188-1235,0,
personal color analysis,I,3600,38,0.91,,2026-08-27,docs/workstream-seo-smm-growth.md#L1188-1235,0,
ai outfit generator,I,1300,30,1.08,,2026-08-27,docs/workstream-seo-smm-growth.md#L1188-1235,0,
hairstyle for face shape,I,1000,23,0.64,/nano-template/hairstyle-guide-infographic,2026-08-27,docs/workstream-seo-smm-growth.md#L1188-1235,1,
haircut for face shape,I,880,25,0.64,/nano-template/hairstyle-guide-infographic,2026-08-27,docs/workstream-seo-smm-growth.md#L1188-1235,1,
ai try on clothes,I,390,35,1.15,/tools/chinese-costume-tryon,2026-08-27,docs/workstream-seo-smm-growth.md#L1188-1235,0,
how to dress for your body shape,I,390,35,1.12,/nano-template/fashion-shape-guide-infographic,2026-08-27,docs/workstream-seo-smm-growth.md#L1188-1235,0,
best hairstyle for my face shape,C,320,24,0.72,/nano-template/hairstyle-guide-infographic,2026-08-27,docs/workstream-seo-smm-growth.md#L1188-1235,1,
what colors suit me,I,320,30,0.49,,2026-08-27,docs/workstream-seo-smm-growth.md#L1188-1235,0,
what to wear for your body type,I,70,33,1.15,/nano-template/fashion-shape-guide-infographic,2026-08-27,docs/workstream-seo-smm-growth.md#L1188-1235,0,
virtual try on ai,I,50,35,1.04,,2026-08-27,docs/workstream-seo-smm-growth.md#L1188-1235,0,
body shape style guide,,20,,0.98,,2026-08-27,docs/workstream-seo-smm-growth.md#L1188-1235,0,
ai ghost mannequin,,30,0,2.62,/blog/ghost-mannequin-ai-guide|/tools/ai-fashion-model-generator,2026-09-01,docs/workstream-seo-smm-growth.md#L1531-1568,1,
ghost mannequin ai,,110,1,4.11,/blog/ghost-mannequin-ai-guide|/tools/ai-fashion-model-generator,2026-09-01,docs/workstream-seo-smm-growth.md#L1531-1568,1,
print ready artwork,,90,9,5.32,/tools/acrylic-factory-export|/tools/die-cut-sticker-file,2026-09-01,docs/workstream-seo-smm-growth.md#L1531-1568,1,
ai fashion model generator,I,260,16,2.11,/tools/ai-fashion-model-generator,2026-09-21,docs/workstream-seo-smm-growth.md#L1531-1568;docs/workstream-seo-smm-growth.md#L4135-4160,1,09-01:16
dieline generator,,170,19,2.76,/tools/die-cut-sticker-file|/blog/dieline-generator-guide,2026-09-01,docs/workstream-seo-smm-growth.md#L1531-1568,1,
packaging mockup generator,,50,19,2.93,/tools/packaging-mockup,2026-09-01,docs/workstream-seo-smm-growth.md#L1531-1568,1,
character consistency ai,,30,26,2.00,/tools/character-sticker-sheet|/tools/style-transfer,2026-09-01,docs/workstream-seo-smm-growth.md#L1531-1568,1,
image vectorizer,,3600,73,1.39,,2026-09-01,docs/workstream-seo-smm-growth.md#L1531-1568,0,
logo vectorizer,,90,68,2.38,,2026-09-01,docs/workstream-seo-smm-growth.md#L1531-1568,0,
product mockup generator,,320,67,2.69,,2026-09-01,docs/workstream-seo-smm-growth.md#L1531-1568,0,
ai vectorizer,,720,64,0.83,,2026-09-01,docs/workstream-seo-smm-growth.md#L1531-1568,0,
ai background replacement,,40,57,1.04,,2026-09-01,docs/workstream-seo-smm-growth.md#L1531-1568,0,
image to svg ai,,140,56,1.21,,2026-09-01,docs/workstream-seo-smm-growth.md#L1531-1568,0,
ai product background generator,C,70,54,3.31,,2026-09-21,docs/workstream-seo-smm-growth.md#L1531-1568;docs/workstream-seo-smm-growth.md#L4135-4160,1,09-01:54
ai clothes changer,,9900,52,0.95,,2026-09-01,docs/workstream-seo-smm-growth.md#L1531-1568,0,
product image generator,,140,44,3.29,,2026-09-01,docs/workstream-seo-smm-growth.md#L1531-1568,0,
png to vector,,3600,43,0.88,,2026-09-01,docs/workstream-seo-smm-growth.md#L1531-1568,0,
virtual try on,,1300,38,1.62,,2026-09-01,docs/workstream-seo-smm-growth.md#L1531-1568,0,
virtual clothing try on,,30,37,1.38,,2026-09-01,docs/workstream-seo-smm-growth.md#L1531-1568,0,
clothes changer ai,,1300,46,0.88,,2026-09-01,docs/workstream-seo-smm-growth.md#L1531-1568,0,
ai virtual try on,I,170,45,0.94,,2026-09-21,docs/workstream-seo-smm-growth.md#L1531-1568;docs/workstream-seo-smm-growth.md#L4135-4160,0,09-01:45
ai product scene generator,,,,,,2026-09-01,docs/workstream-seo-smm-growth.md#L1531-1568,0,
amazon product image generator,,,,,,2026-09-01,docs/workstream-seo-smm-growth.md#L1531-1568,0,
flat lay to model ai,,,,,,2026-09-01,docs/workstream-seo-smm-growth.md#L1531-1568,0,
product background generator,,,,,,2026-09-01,docs/workstream-seo-smm-growth.md#L1531-1568,0,
product image editing ai,,,,,,2026-09-01,docs/workstream-seo-smm-growth.md#L1531-1568,0,
shopify product image generator,,,,,,2026-09-01,docs/workstream-seo-smm-growth.md#L1531-1568,0,
ecommerce product image generator,,0,,,,2026-09-21,docs/workstream-seo-smm-growth.md#L1531-1568;docs/workstream-seo-smm-growth.md#L4135-4160,0,
print file preparation,,,,,,2026-09-01,docs/workstream-seo-smm-growth.md#L1531-1568,0,
consistent character generator,,,,,,2026-09-01,docs/workstream-seo-smm-growth.md#L1531-1568,0,
die cut line generator,,,,,,2026-09-01,docs/workstream-seo-smm-growth.md#L1531-1568,0,
nail art designs,I,49500,44,0.22,,2026-09-01,docs/workstream-seo-smm-growth.md#L1726-1759,0,
ai poster generator,I,3600,58,1.47,,2026-09-01,docs/workstream-seo-smm-growth.md#L1726-1759,0,
ai portrait generator,I,2400,63,1.52,/topics/portrait,2026-09-01,docs/workstream-seo-smm-growth.md#L1726-1759,0,
worksheet generator,C,2400,35,0.65,/tools/worksheet-from-video,2026-09-01,docs/workstream-seo-smm-growth.md#L1726-1759,1,
ai infographic generator,C,1300,74,2.52,,2026-09-01,docs/workstream-seo-smm-growth.md#L1726-1759,1,
costume design template,I,590,20,0.00,,2026-09-01,docs/workstream-seo-smm-growth.md#L1726-1759,0,
photo to cartoon ai,C,480,59,0.73,,2026-09-01,docs/workstream-seo-smm-growth.md#L1726-1759,1,
infographic maker free,C,260,69,1.32,,2026-09-01,docs/workstream-seo-smm-growth.md#L1726-1759,1,
ai product photo,I,140,51,4.36,/tools/ai-product-photo-generator,2026-09-01,docs/workstream-seo-smm-growth.md#L1726-1759,0,
dress design template,I,140,24,1.20,,2026-09-01,docs/workstream-seo-smm-growth.md#L1726-1759,1,
english vocabulary flashcards,C,140,34,0.49,,2026-09-01,docs/workstream-seo-smm-growth.md#L1726-1759,1,
recipe infographic,I,110,17,0.00,,2026-09-01,docs/workstream-seo-smm-growth.md#L1726-1759,0,
plant infographic,I,70,17,0.00,,2026-09-01,docs/workstream-seo-smm-growth.md#L1726-1759,0,
food poster design,I,50,19,0.00,,2026-09-01,docs/workstream-seo-smm-growth.md#L1726-1759,0,
ai sticker design,,20,,1.89,/tools/character-sticker-sheet,2026-09-01,docs/workstream-seo-smm-growth.md#L1726-1759,0,
food packaging design ai,,20,,0.00,,2026-09-01,docs/workstream-seo-smm-growth.md#L1726-1759,0,
photo editing,,12100,100,1.44,,2026-09-15,docs/workstream-seo-smm-growth.md#L1376-1420,0,
photo retouching,,1300,45,2.31,,2026-09-15,docs/workstream-seo-smm-growth.md#L1376-1420,0,
outsource wedding photo editing,,90,7,0.00,/use-cases/for-photographers,2026-09-15,docs/workstream-seo-smm-growth.md#L1376-1420,0,
portrait photo editing,,110,11,3.53,/tools/wedding-photo-editing,2026-09-15,docs/workstream-seo-smm-growth.md#L1376-1420,1,
wedding photo editing,,390,19,3.45,/tools/wedding-photo-editing,2026-09-15,docs/workstream-seo-smm-growth.md#L1376-1420,1,
wedding photo retouching,,90,20,3.85,/blog/wedding-photo-retouching-cost,2026-09-15,docs/workstream-seo-smm-growth.md#L1376-1420,1,
portrait photo retouching,,40,21,13.16,/blog/wedding-photo-retouching-cost,2026-09-15,docs/workstream-seo-smm-growth.md#L1376-1420,1,
real estate photo editing,,880,27,4.04,,2026-09-15,docs/workstream-seo-smm-growth.md#L1376-1420,0,
photo enhancement,,880,76,0.83,,2026-09-15,docs/workstream-seo-smm-growth.md#L1376-1420,0,
virtual staging service,,90,41,5.78,,2026-09-15,docs/workstream-seo-smm-growth.md#L1376-1420,0,
photo culling service,,20,,6.80,,2026-09-15,docs/workstream-seo-smm-growth.md#L1376-1420,0,
ai product video generator,I,480,54,,,2026-09-21,docs/workstream-seo-smm-growth.md#L4135-4160,0,
ecommerce photo editing,I,210,17,,,2026-09-21,docs/workstream-seo-smm-growth.md#L4135-4160,0,
product photo retouching,I,50,16,,,2026-09-21,docs/workstream-seo-smm-growth.md#L4135-4160,0,
product image to video,,20,,,,2026-09-21,docs/workstream-seo-smm-growth.md#L4135-4160,0,
put clothes on model ai,,20,,,,2026-09-21,docs/workstream-seo-smm-growth.md#L4135-4160,0,
amazon listing image generator,,10,,,,2026-09-21,docs/workstream-seo-smm-growth.md#L4135-4160,0,
product image automation,,0,,,,2026-09-21,docs/workstream-seo-smm-growth.md#L4135-4160,0,
product lifestyle image generator,,0,,,,2026-09-21,docs/workstream-seo-smm-growth.md#L4135-4160,0,
ai model generator for clothing,,0,,,,2026-09-21,docs/workstream-seo-smm-growth.md#L4135-4160,0,
product photo editing service,I,140,19,0.00,,2026-09-22,docs/workstream-seo-smm-growth.md#L4355-4369,0,
batch photo editing,I,90,27,2.43,,2026-09-22,docs/workstream-seo-smm-growth.md#L4355-4369,0,
outsource product photo editing,,30,,0.00,,2026-09-22,docs/workstream-seo-smm-growth.md#L4355-4369,0,
bulk photo editing software,,20,,4.32,,2026-09-22,docs/workstream-seo-smm-growth.md#L4355-4369,0,
bulk image editing,,10,,1.85,,2026-09-22,docs/workstream-seo-smm-growth.md#L4355-4369,0,
bulk background removal,,0,,2.18,,2026-09-22,docs/workstream-seo-smm-growth.md#L4355-4369,0,
on model photos,,0,,0.00,,2026-09-22,docs/workstream-seo-smm-growth.md#L4355-4369,0,
bulk product photo editing,,0,,,,2026-09-22,docs/workstream-seo-smm-growth.md#L4355-4369,0,
batch product photos,,0,,,,2026-09-22,docs/workstream-seo-smm-growth.md#L4355-4369,0,
flat lay to on model,,0,,,,2026-09-22,docs/workstream-seo-smm-growth.md#L4355-4369,0,
ai model photos for clothing,,0,,,,2026-09-22,docs/workstream-seo-smm-growth.md#L4355-4369,0,
flat sketch tool,,0,,,,2026-09-22,docs/workstream-seo-smm-growth.md#L4355-4369,0,
