category,query_id,search_query,organic_rank,result_title,result_url,curify_rank_observed,selected,page_notes
MBTI,MBTI_01,naruto characters mbti chart,3,Naruto Shippūden MBTI Personality Types,https://www.personality-database.com/profile?pid=2&cid=8&sub_cat_id=89,Instagram @curify.ai 排名 8；curify-ai.com 官网在 page 4,PENDING,Personality Database 页面；已验证内部页面。页面包含系列简介、分类筛选（如 Four Letter、Enneagram）、角色卡片列表、每个角色的 MBTI 类型、投票数、讨论入口和大量角色内链，信息架构清晰，适合作为 MBTI 角色集合页 Pattern 样本。专业性主要体现在角色档案聚合、类型标签体系和强内部链接。Curify 当前缺少这种角色集合页、类型标签筛选和大规模角色内链结构。
MBTI,MBTI_02,infj personality poster,2,Infj Posters for Sale,https://www.redbubble.com/shop/infj+posters,not found in first 5 pages,PENDING,Redbubble 的 INFJ 海报集合页。页面包含明确的 H1、相关人格标签、商品数量、筛选和排序、海报网格、商品标题、作者、价格和折扣信息，并通过大量商品卡片展示不同 INFJ 视觉表达。适合作为 MBTI 海报商业展示和视觉内容组织的代表样本，但缺少完整的人格简介、traits、strengths、career、relationships 等专业知识模块，因此更适合参考商品集合、标签导航和视觉呈现，不宜作为 MBTI 专业内容权威页的唯一参考。
MBTI,MBTI_03,enfp cognitive functions chart,2,Enfp Cognitive Functions Chart,https://www.pinterest.com/ideas/enfp-cognitive-functions-chart/948726503818/,not found in first 5 pages,PENDING,Pinterest 图片集合页。内部页面主要是图片瀑布流和相关 board/content 推荐，适合观察 ENFP cognitive functions chart 的视觉样式、配色和信息布局，但缺少系统性的文字解释、清晰的专业内容模块和稳定的信息架构，不适合作为 MBTI 专业内容页面 Pattern 样本；可作为视觉参考。
MBTI,MBTI_04,taylor swift mbti,2,"Taylor Swift Personality Type (MBTI, Enneagram, Song ...)",https://www.personality-database.com/profile/1002/taylor-swift-pop-contemporary-musicians-mbti-personality-type,not found in first 5 pages,PENDING,Personality Database 的名人人格档案页。页面包含明确的标题与人物身份标签（如 Pop & Contemporary Musicians、Actor）、Taylor Swift 的 MBTI 类型（ESFJ）与 Enneagram（3w2）、分段式专业内容模块（Taylor Swift MBTI、Taylor Swift Enneagram、Big Five Personality Traits、Zodiac Signs、About Taylor Swift）、相关名人档案导航、作品入口，以及投票/评论互动区。信息架构完整，兼具人物简介、人格分析、标签体系、相关人物内链和用户互动，适合作为 MBTI 名人页面 Pattern 样本。Curify 当前缺少这种“人物简介 + 人格分析 + 多人格体系 + 相关人物导航 + 互动信号”的完整结构。
MBTI,MBTI_05,MBTI comparison chart,2,MBTI Compatibility Chart — All 256 Type Pairs (2026),https://jobcannon.io/compatibility/mbti,not found in first 5 pages,PENDING,JobCanon 的 MBTI 兼容性专题页。页面包含 H1 与简要说明、MBTI compatibility 定义、16×16 全类型配对矩阵、颜色分级与分数图例、评分方法说明、Top 10 compatible pairs、按人格类型浏览入口、FAQ 和测试 CTA。信息架构完整，兼具结构化数据、可视化图表、解释性内容、内部链接和长尾问答，适合作为 MBTI compatibility/chart 页面 Pattern 样本。Curify 当前缺少这种“完整配对矩阵 + 评分逻辑 + 配对推荐 + 类型导航 + FAQ”的专业内容结构。
MBTI,MBTI_06,16 personality types infographic,2,16 Personality Types Infographic,https://www.pinterest.com/ideas/16-personality-types-infographic/942582027436/,not found in first 5 pages,PENDING,页面包含 MBTI compatibility 定义、16×16 全类型配对矩阵、颜色与分数图例、评分方法、Top 10 compatible pairs、按人格类型浏览、FAQ 和 MBTI 测试 CTA。内容结构完整，兼具专业解释、可视化图表、类型内链和长尾问答，适合作为 MBTI compatibility chart 的代表页面。Curify 当前缺少完整配对矩阵、评分逻辑、类型导航和 FAQ 模块
Education,EDU_01,3rd grade multiplication worksheet,2,3rd Grade Multiplication Worksheets templates,https://www.canva.com/worksheets/templates/3rd-grade-multiplication/,not found in first 5 pages,PENDING,Canva 的三年级乘法练习模板集合页。页面包含面包屑、明确的 H1、模板搜索、筛选入口和大规模 worksheet 模板网格，覆盖乘法运算、数组、数轴、乘法表、因数族和运算性质等多种题型，视觉形式丰富，适合作为教育类模板发现、分类浏览和创作入口的参考样本。但页面主要强调模板展示，缺少学习目标、适用年龄、难度、教学说明和资源包含内容等专业教育模块。
Education,EDU_02,spanish vocabulary flashcards,5,Free Spanish Flashcards,https://flashcardo.com/spanish-flashcards/,not found in first 5 pages,PENDING,Flashcardo 的西班牙语词汇卡资源页。页面包含介绍、按主题分类的词汇卡导航、1000 个高频词分段入口、电子书、可打印 PDF、Anki 间隔重复学习、视频词汇卡，以及其他语言资源内链。信息架构完整，兼具学习分类、资源格式、使用方式和下载入口，适合作为 Education 垂类的专业资源页样本。Curify 当前缺少这种“主题分类 + 高频词体系 + 多种学习格式 + 下载资源 + 相关语言内链”的完整结构。
Education,EDU_03,solar system poster for kids,3,Solar System Poster for Kids,https://www.pinterest.com/ideas/solar-system-poster-for-kids/913766388969/,not found in first 5 pages,PENDING,Pinterest 的儿童太阳系海报集合页。页面包含主题标题、简短介绍、海报图片瀑布流、相关推荐和相关 boards，适合观察行星信息排布、儿童化插画、配色和海报构图。但缺少年级、学习目标、教学说明、资源包含内容和可打印规格等专业教育模块，因此只作为视觉参考，不纳入 Education 垂类的专业页面 Pattern 样本。
Education,EDU_04,periodic table infographic,1,Periodic Tables,https://www.compoundchem.com/category/periodic-tables/,not found in first 5 pages,PENDING,Compound Interest 的元素周期表专题聚合页。页面包含明确的 H1、面包屑，以及按卡片组织的大量周期表 infographic 文章，覆盖元素发现史、女性科学家、氧化态、元素名称来源、数据更新和不同周期表设计等主题；每张卡片带预览图、标题、发布日期、互动数据和详情入口。适合作为 Education 垂类的专业内容 Hub 样本，专业性体现在主题细分、持续更新、深度文章和强内部链接。Curify 当前缺少这种“主题聚合页 + 多种专业子主题 + 内容更新时间 + 文章内链”的结构。
Education,EDU_05,kindergarten sight words chart,2,Sight Words Chart Kindergarten,https://www.pinterest.com/ideas/sight-words-chart-kindergarten/907914579094/,not found in first 5 pages,PENDING,Pinterest 的幼儿园 sight words 图表集合页。页面包含主题标题、简短介绍、大量 sight words chart 图片、相似内容推荐和相关 boards，适合观察词表分组、颜色编码、课堂海报和儿童化排版。但缺少明确的学习目标、年级标准、教学方法、使用说明和可打印资源规格，因此更适合作为视觉参考，不纳入 Education 垂类的专业页面 Pattern 样本。
Education,EDU_06,human body diagram worksheet,4,Customize 98+ Body Parts Worksheets Templates Online,https://www.canva.com/worksheets/templates/body-parts/,not found in first 5 pages,PENDING,Canva 的人体部位 worksheet 模板集合页。页面包含面包屑、明确的 H1、搜索与筛选入口，以及大规模模板网格，覆盖身体部位识别、器官、五感、词汇匹配、填空、标注和身体功能等题型。适合作为教育模板分类、视觉呈现和创作入口的参考样本，但缺少年级、学习目标、难度、教学说明和资源包含内容等专业教育模块。
Merch,MER_01,yellowstone national park sticker,1,Yellowstone National Park Triple Decal,https://shop.americasnationalparks.org/products/yellowstone-national-park-triple-decal-1?srsltid=AfmBOop69JZFgFMBJw-S0UfReC8Jr-wiAJimNwIaXdWdhlLaOIZhGxbF,not found in first 5 pages,PENDING,America’s National Parks 的 Yellowstone 贴纸商品详情页。页面包含商品标题、评分与评论、价格、库存状态、数量选择、购买 CTA、Yellowstone 国家公园及 “YELL” 缩写的背景说明、尺寸规格、Made in USA 信息、公益支持与官方合作背书、相关国家公园贴纸推荐和顾客评论。适合作为文创商品详情页样本，专业性体现在“文化背景 + 产品规格 + 品牌/公益信任信息 + 相关产品内链”的组合。Curify 当前缺少这类文化故事、生产规格、信任信号和相关推荐模块。
Merch,MER_02,coffee lover enamel pin design,2,Coffee Pins,https://www.pinterest.com/ideas/coffee-pins/911657397722/,not found in first 5 pages,PENDING,Pinterest 的咖啡主题徽章和 enamel pin 图片集合页。页面包含主题标题、简短介绍、大量咖啡图案、文字标语、杯子和咖啡豆等视觉设计，以及相似内容和相关 boards，适合观察文创图案、配色和产品主题方向。但缺少材料、尺寸、珐琅工艺、生产要求、文化背景和商品规格等专业文创内容，因此只作为视觉灵感参考，不纳入 Merch 垂类的专业页面 Pattern 样本。
Merch,MER_03,retro band tour t-shirt mockup,3,Band t-shirt mockup Images – Free Download on ...,https://www.magnific.com/free-photos-vectors/band-tshirt-mockup,not found in first 5 pages,PENDING,页面主要是瀑布流图片集合，包含乐队 T 恤、普通服装照片、图标及多项无关素材，搜索相关性和内容组织较弱。缺少明确分类、产品规格、材质、印刷工艺、mockup 使用说明和专业内容模块，不适合作为 Merch 垂类页面 Pattern 样本。
Merch,MER_04,funny cat sticker pack,1,Funny Cats - Sticker Maker,https://getstickerpack.com/stickers/funny-cats,not found in first 5 pages,PENDING,Get Sticker Pack 的 Funny Cats 数字贴纸包详情页。页面包含作者与主题标题、安装贴纸 CTA、下载量、完整贴纸预览网格、版权归属、作者的其他作品、相关贴纸包和关键词入口。页面结构清晰，适合作为数字 sticker pack 的详情页样本，专业性主要体现在“整套素材预览 + 作者信息 + 使用入口 + 热度信号 + 相关推荐”。但页面缺少材质、尺寸、印刷工艺等实体商品规格，因此更适合参考数字贴纸包的内容组织，而不是实体文创生产信息。
Merch,MER_05,custom pet portrait magnet,1,Custom Pet Magnet,https://www.etsy.com/market/custom_pet_magnet,not found in first 5 pages,PENDING,Etsy 的定制宠物磁贴商品集合页。页面包含明确的主题标题、结果数量、个性化/价格/配送筛选、排序，以及大量商品卡片；每张卡片展示产品预览、定制风格、价格、折扣、评分、评价数量和配送信息。适合作为个性化文创商品发现与视觉展示的代表样本，可参考其筛选体系、商品卡片信息密度和多风格呈现。但页面缺少统一的材质、尺寸、制作工艺和文件要求说明，因此更适合参考 marketplace/category page 结构，不宜作为实体文创专业规格页的唯一样本。
Merch,MER_06,wedding favor sticker,1,Wedding Favor Stickers,https://www.etsy.com/market/wedding_favor_stickers,not found in first 5 pages,PENDING,Etsy 的 wedding favor sticker 商品集合页。页面包含明确的 H1、结果数量、个性化/价格/配送筛选、排序，以及大量商品卡片；商品覆盖姓名与日期定制、花卉、金箔、透明、标签和感谢语等多种风格，并展示价格、折扣、评分、评价数量和配送信息。适合作为婚礼定制文创商品发现和多风格展示的代表样本，可参考其筛选体系、个性化属性和商品卡片结构；但缺少统一的材质、尺寸、印刷工艺和文件规格说明。
Ecommerce,ECO_01,matte black skincare bottle product photo,1,Luxury skincare bottle on black background,https://www.pinterest.com/ideas/luxury-skincare-bottle-on-black-background/961058867474/,not found in first 5 pages,PENDING,Pinterest 的黑色护肤品瓶视觉集合页。页面包含大量哑光黑色包装、泵瓶、滴管瓶、香水瓶及深色背景产品图，适合观察高端护肤品的构图、灯光、材质表现和配色。但页面主要是图片瀑布流，缺少平台要求、图片尺寸、拍摄规范、转化作用、产品卖点和图片序列等专业电商内容，因此仅作为视觉参考，不纳入 Ecommerce 垂类的专业页面 Pattern 样本。
Ecommerce,ECO_02,amazon product infographic,3,Amazon infographic design,https://www.pinterest.com/ideas/amazon-infographic-design/920476121875/,not found in first 5 pages,PENDING,Pinterest 的 Amazon 商品信息图集合页。页面包含大量产品卖点图、对比图、使用场景图和 A+ Content 设计，可用于观察电商信息图的版式、配色、信息层级和视觉表达。但页面主要为图片瀑布流和相关内容推荐，缺少 Amazon 平台规范、图片尺寸、设计原则、转化作用和制作流程等专业内容，因此仅作为视觉参考，不纳入 Ecommerce 垂类的专业页面 Pattern 样本。
Ecommerce,ECO_03,sneaker packaging design,1,Sneaker packaging design,https://www.pinterest.com/ideas/sneaker-packaging-design/936371559034/,not found in first 5 pages,PENDING,Pinterest 的球鞋包装设计集合页。页面包含主题标题、简短介绍、大量鞋盒结构、品牌包装、礼盒和创意开箱设计，以及相似内容和相关 boards，适合观察包装造型、配色、品牌视觉和展示方式。但缺少材料规格、尺寸、生产工艺、刀模文件、成本说明和电商转化用途等专业模块，因此仅作为视觉参考，不纳入 Ecommerce 垂类的专业页面 Pattern 样本。
Ecommerce,ECO_04,minimalist skincare packaging mockup,1,Modern minimalist skincare packaging mockup Photos,https://www.magnific.com/photos/modern-minimalist-skincare-packaging-mockup,not found in first 5 pages,PENDING,Magnific 的极简护肤品包装 mockup 图片集合页。页面展示大量泵瓶、滴管瓶、软管、罐装及纸盒包装，覆盖白色、黑色和中性色背景，可用于观察极简构图、材质表现、阴影和产品摆放方式。但页面主要是图片瀑布流，缺少包装规格、平台图片要求、设计原则、转化用途、制作流程和专业说明，因此仅作为视觉参考，不纳入 Ecommerce 垂类的专业页面 Pattern 样本。
Ecommerce,ECO_05,floating product photo white background,3,Floating product photography Images – Free Download on ...,https://www.magnific.com/free-photos-vectors/floating-product-photography,not found in first 5 pages,PENDING,Magnific 的悬浮产品摄影图片集合页。页面展示大量悬浮物体、展台陈列、彩色背景和极简产品构图，适合观察悬浮效果、阴影、背景配色和商品摆放方式。但页面主要是图片瀑布流，且部分素材与白底电商产品图关联较弱，缺少拍摄参数、平台规范、图片尺寸、制作流程和转化用途等专业模块，因此仅作为视觉参考，不纳入 Ecommerce 垂类的专业页面 Pattern 样本。
Ecommerce,ECO_06,coffee bag packaging mockup,1,Coffee Bag Template Images,https://stock.adobe.com/search?k=coffee+bag+template,not found in first 5 pages,PENDING,Adobe Stock 的咖啡袋包装模板/素材结果页，集中展示大量咖啡袋 mockup、白底包装、立袋/侧封袋/扁袋等不同袋型，以及黑白牛皮纸等常见包装风格。适合参考包装外形、展示角度、材质质感和常见视觉风格，但页面本质上是素材库结果页，缺少品牌策略、包装结构说明、印刷工艺、卖点模块和完整电商/品牌内容框架，因此更适合作为视觉参考，不建议作为 Ecommerce 垂类的核心深度分析样本。