category,query_id,search_query,query_pattern,entity_or_topic_type,visual_content_type,reason_for_selection,expected_competitor_page_type,expected_professional_modules,research_status,generation_method,legacy_overlap_status,human_review_status
MBTI,MBTI-01,mbti jude bellingham,person + vertical,Jude Bellingham (footballer),n/a,"This is the business owner's own example query — a specific athlete paired with the vertical word, the exact short-form pattern real searchers use",fan/personality-profile blog or sports-personality site,"type verdict, cognitive function breakdown, supporting quotes/evidence, related athletes with same type",NOT_STARTED,blind_independent_generation,NEW_DIRECTION,PENDING
MBTI,MBTI-02,naruto characters mbti chart,franchise characters + mbti + visual format,Naruto franchise cast,chart,Franchise-wide character MBTI charts are one of the most common dedicated visual pages in the fandom-personality niche,fandom/anime personality-typing blog,"full-cast grid/chart image, per-character type + rationale, cognitive-function legend, source citations",NOT_STARTED,blind_independent_generation,NEW_DIRECTION,PENDING
MBTI,MBTI-03,infj personality poster,personality type + visual format,INFJ type,poster,"Type-specific posters are an actual sold/displayed product, useful for studying product-style presentation of a personality visual",print-on-demand or personality-merch shop,"type description copy, trait list, famous INFJs, poster preview image, size/purchase module",NOT_STARTED,blind_independent_generation,PARTIAL_SEMANTIC_OVERLAP,PENDING
MBTI,MBTI-04,enfp cognitive functions chart,personality type + visual format,ENFP,chart,"Cognitive-function stack charts are a distinct, more technical visual format within the MBTI community, different from simple trait posters",MBTI education/reference site,"function-stack diagram, dominant/auxiliary/tertiary/inferior explanation, comparison to adjacent types",NOT_STARTED,blind_independent_generation,PARTIAL_SEMANTIC_OVERLAP,PENDING
MBTI,MBTI-05,taylor swift mbti,person + vertical,Taylor Swift (celebrity),n/a,Mirrors the given example pattern with a second very high-traffic celebrity to test whether page structure generalizes across fame domains,celebrity personality blog or fan wiki,"type verdict, evidence from interviews/behavior, cognitive function analysis, list of other celebrities sharing the type",NOT_STARTED,blind_independent_generation,NEW_DIRECTION,PENDING
MBTI,MBTI-06,16 personality types infographic,topic + visual format,full 16-type MBTI system overview,infographic,"An overview infographic anchors what a strong hub/template page looks like, as opposed to single-entity pages",personality reference/education site,"grid of all 16 types, icon/color per type, short trait tags, links out to individual type pages",NOT_STARTED,blind_independent_generation,NEW_DIRECTION,PENDING
Education,EDU-01,3rd grade multiplication worksheet,level + subject + visual format,3rd grade multiplication,worksheet,Classic concrete grade+subject+format combination that teachers and parents search constantly,teacher-resource site (e.g. Education.com or Teachers Pay Teachers listing),"worksheet preview thumbnail, grade/difficulty tag, answer-key note, printable/download button, related-worksheets list",NOT_STARTED,blind_independent_generation,PARTIAL_SEMANTIC_OVERLAP,PENDING
Education,EDU-02,spanish vocabulary flashcards,language + topic + visual format,Spanish vocabulary,flashcards,Language-learning card sets are a core visual-content category with many competing professionally built pages,language-learning or ESL resource site,"flashcard set preview grid, word+image+translation per card, category grouping, print/digital toggle",NOT_STARTED,blind_independent_generation,PARTIAL_SEMANTIC_OVERLAP,PENDING
Education,EDU-03,solar system poster for kids,topic + audience + visual format,solar system,poster,"A well-established educational poster category combining subject and target audience, good for studying kid-facing design conventions",kids' educational poster/print shop or science-education site,"labeled diagram preview, planet fact callouts, age-range tag, size/print options",NOT_STARTED,blind_independent_generation,NEW_DIRECTION,PENDING
Education,EDU-04,periodic table infographic,topic + visual format,periodic table (chemistry),infographic,"A dense, highly competitive reference infographic that shows professional data-visualization layout at its most demanding",chemistry/science education reference site,"full element grid, color-coded category legend, element detail callouts, download/print options",NOT_STARTED,blind_independent_generation,NEW_DIRECTION,PENDING
Education,EDU-05,kindergarten sight words chart,level + topic + visual format,kindergarten sight words,chart,"Early-literacy charts are a heavily searched, very concrete teacher/parent resource type distinct from worksheets",early-childhood teacher-resource site,"word list grid, illustration per word, progress tracker, printable format note",NOT_STARTED,blind_independent_generation,NEW_DIRECTION,PENDING
Education,EDU-06,human body diagram worksheet,topic + visual format,human body / basic anatomy,diagram worksheet,Labeled-diagram worksheets combine illustration with fill-in-the-blank pedagogy — a distinct professional format worth studying separately,science teacher-resource or homeschool curriculum site,"labeled diagram image, blank-label practice version, answer key, grade-level tag",NOT_STARTED,blind_independent_generation,PARTIAL_SEMANTIC_OVERLAP,PENDING
Merch,MERCH-01,yellowstone national park sticker,place/theme + product type,Yellowstone National Park,sticker,Place-themed stickers are a huge dedicated niche within print-on-demand — a good concrete anchor for studying that page type,print-on-demand/Etsy-style product page or park gift shop,"product image gallery, design description, material/size options, related park-design suggestions",NOT_STARTED,blind_independent_generation,PARTIAL_SEMANTIC_OVERLAP,PENDING
Merch,MERCH-02,coffee lover enamel pin,theme/audience + product type,coffee-enthusiast niche,enamel pin (product photo),Niche-affinity items like enamel pins have a distinctive professional product-page structure worth comparing to stickers/magnets,niche merch shop or Etsy-style product page,"multi-angle product photos, size/material specs, packaging note, related niche items",NOT_STARTED,blind_independent_generation,NEW_DIRECTION,PENDING
Merch,MERCH-03,retro band tour t-shirt mockup,theme + product + visual format,retro band-tour aesthetic,mockup,"Apparel mockups reveal how professional pages present a design-on-product preview before purchase, distinct from finished product photos",print-on-demand apparel or mockup template site,"mockup preview on model/flat-lay, color/size variant switcher, design-placement notes",NOT_STARTED,blind_independent_generation,NEW_DIRECTION,PENDING
Merch,MERCH-04,funny cat sticker pack,theme + product type,humorous cat illustrations,sticker pack,"Humor/pet-niche sticker packs are an extremely high-volume, concrete merch search pattern",sticker shop or POD marketplace listing,"sticker sheet preview image, individual sticker thumbnails, material/finish description, bundle pricing tiers",NOT_STARTED,blind_independent_generation,PARTIAL_SEMANTIC_OVERLAP,PENDING
Merch,MERCH-05,custom pet portrait magnet,theme (custom) + product type,pet-portrait customization,magnet (product photo),"Personalized merch pages surface upload-and-preview modules distinct from static-design pages, worth studying separately",custom gift/personalization shop,"before/after preview, upload-photo tool description, size options, customer photo examples",NOT_STARTED,blind_independent_generation,PARTIAL_SEMANTIC_OVERLAP,PENDING
Merch,MERCH-06,wedding favor sticker,theme/occasion + product type,wedding favors,sticker,Occasion-based bulk/custom merch (weddings) has a distinct professional page structure around quantity and personalization,event/wedding-favor supplier product page,"bulk quantity/pricing tiers, customization form preview, material/finish options, customer review photos",NOT_STARTED,blind_independent_generation,PARTIAL_SEMANTIC_OVERLAP,PENDING
Ecommerce,ECOM-01,matte black skincare bottle product photo,visual attribute + product + visual format,"skincare bottle, matte black finish",product photo,Attribute-specific product photography queries reveal professional studio-shot conventions for a specific finish/material,product photography portfolio or brand e-commerce listing,"hero shot, multi-angle gallery, texture/finish close-up, lighting/background notes",NOT_STARTED,blind_independent_generation,PARTIAL_SEMANTIC_OVERLAP,PENDING
Ecommerce,ECOM-02,amazon product infographic,platform + product infographic,Amazon listing content,infographic,"Platform-specific infographic queries target pages built around A+ content-style modules, core to the ecommerce-content vertical",ecommerce content agency portfolio or listing-optimization service page,"feature-callout infographic examples, before/after listing comparison, module breakdown (lifestyle shot, comparison chart, spec sheet)",NOT_STARTED,blind_independent_generation,PARTIAL_SEMANTIC_OVERLAP,PENDING
Ecommerce,ECOM-03,sneaker packaging design,product category + visual format,sneakers,packaging design,Packaging design is a concrete visual-content category with its own dedicated professional showcase pages,packaging design studio portfolio or brand product page,"packaging mockup gallery, material/print finish notes, unboxing sequence images, brand story tie-in",NOT_STARTED,blind_independent_generation,NEW_DIRECTION,PENDING
Ecommerce,ECOM-04,minimalist skincare packaging mockup,attribute + product + visual format,minimalist-style skincare packaging,mockup,Style-specific packaging mockups show how professional pages pair an aesthetic descriptor with product presentation,packaging mockup template marketplace or design studio site,"mockup preview set, color/material variant options, downloadable template note, style tag list",NOT_STARTED,blind_independent_generation,NEW_DIRECTION,PENDING
Ecommerce,ECOM-05,floating product photo white background,visual attribute + product photo,levitation/floating product photography technique,product photo,Technique-specific queries surface pages demonstrating a distinct professional photography style/module rather than a generic product shot,product photography service or stock image site,"example image gallery, technique explanation caption, before/after comparison, style tag list",NOT_STARTED,blind_independent_generation,PARTIAL_SEMANTIC_OVERLAP,PENDING
Ecommerce,ECOM-06,coffee bag packaging mockup,product category + visual format,coffee bag packaging,mockup,A category-specific packaging mockup query gives a second more product-narrow comparison point to the skincare mockup query,packaging mockup marketplace or coffee brand product page,"mockup preview across bag styles, label design close-up, material/finish specs, brand variant gallery",NOT_STARTED,blind_independent_generation,NEW_DIRECTION,PENDING
